shot_id,source_shot_id,source_asset_id,story_time,stage,approval_status,song_in,song_out,mv_in,mv_out,duration,time_status,fps,lyrics,character_card,frame_image,costume,wig,guitar,camera,action,motion,lighting,emotion,protected_elements,mouth_visible,lip_sync_required,audio_segment_id,dialogue,sound_design,sync_notes,image_prompt_cn,image_prompt_en,animation_prompt_cn,animation_prompt_en,constraints,output_filename,version
O1,O1,（新出图）,现在访谈,TRANS,proposal_pending,,,0.00,4.00,4.00,provisional_from_script,待确认,,B1+B3,,黑长羽绒服＋灰围巾,无,无,大特写，85mm，固定,音频师用白胶带把领夹麦贴在她胸前外壳上，胶带翘起，又按了一次,胶带边缘翘起,侧面一盏工作灯，背景全黑,她一动不动，视线平视前方,音频师的手,否,否,,音频师（画外）：说两句，试一下音量。／ALPHA（画外）：一、二、三。,胶带撕扯声、空调底噪,,新出图。大特写：音频师的手用白胶带把一枚黑色领夹麦贴在 ALPHA 胸前的银白色外壳上，羽绒服拉开，灰围巾。,"extreme close-up, a sound engineer's hands using white gaffer tape to stick a tiny black lavalier microphone onto the chest plate of an adult female humanoid robot with a pearl-white and silver segmented metal body with teal accents, a segmented brushed-silver robotic face, blue-violet irises, teal lips and round silver turbine ear units, wearing a long black puffer down coat, a grey knitted scarf, black trousers and black boots, old scratches on her metal face, coat unzipped, the tape peeling off the smooth metal and being pressed down again, a single side work light, black background, 85mm, shallow depth of field, 35mm anamorphic film still, Kodak Vision3 500T, low-key motivated lighting, deep shadows, muted color, grounded realism, 2020s northeast China --ar 239:100 --v 8.1 --style raw --s 150 --no cartoon, anime, 3d render, plastic toy, human skin on the robot",@图片1 作为首帧。0–2 秒：胶带贴上去，边缘翘起；2–4 秒：手指把胶带重新按平，又多贴了一道。她的胸口没有呼吸起伏。 镜头：大特写，85mm，固定。ALPHA 是同一位成年女性机器人：银色分片机械脸、蓝紫色虹膜、青色嘴唇、耳侧圆形涡轮，脖子、手指和关节都是完整机械结构，没有任何人类皮肤。 过渡（推荐用于演播室）：B1 本体＋黑色长羽绒服＋灰围巾，不戴假发，外壳保留旧划痕。保持首帧的构图、机位、景别、人物大小、朝向、光线和色调；只做一个主动作；真实时间流速，不要慢动作、不要转场、不要字幕、不要背景音乐。,"@image1 as the first frame. 0–2s: the tape goes on and its edge lifts; 2–4s: the fingers press it flat and add a second strip. Her chest shows no breathing movement. Camera: extreme close-up, 85mm, locked-off. ALPHA is the same adult female humanoid robot throughout: a segmented brushed-silver robotic face, blue-violet irises, teal lips, round silver turbine ear units, a fully mechanical neck, fingers and joints, no human skin anywhere. Transitional (recommended for the studio): B1 body, long black puffer coat and grey scarf, no wig, old scratches kept on the shell. Keep the first frame's composition, camera position, framing, subject size, facing, lighting and grade; one main action only; real-time speed, no slow motion, no transitions, no subtitles, no background music.",不改脸部身份；不加人类皮肤；不把配角机械化；不改构图和人物大小；不加无关道具；不生成牙齿和舌头；不做动画或渲染风格；新增中文字后期合成。,ALPHA_O1_v001.mp4,v001
O2,O2,（新出图）,现在访谈,NONE,proposal_pending,,,4.00,9.00,5.00,provisional_from_script,待确认,,—,,—,无,无,中景，40mm，固定,音频师盯着电平表和频谱，她的声音电平平稳，没有呼吸和底噪的起伏；制片俯身指着屏幕说话,屏幕上的电平条跳动,屏幕光照在两人脸上，四周暗,音频师困惑，制片不耐烦,真人工作人员,否（制片背光侧脸）,否,,音频师：她的声音太干净了，没有呼吸声。／制片：加点呼吸声。听着像个人。,耳机漏音、按键声,,新出图。调音台角落，音频师戴耳机看电平表，制片俯身指屏幕，旁边小监视器里是 ALPHA 的脸。（不画成一条直线波形，原稿的技术隐喻已修正）,"a TV studio audio desk in a dark corner, a sound engineer with headphones studying level meters and a spectrum display, a producer with a headset leaning over his shoulder pointing at the screen, a small video monitor beside them showing the silver robotic face of an adult female humanoid robot with a pearl-white and silver segmented metal body with teal accents, a segmented brushed-silver robotic face, blue-violet irises, teal lips and round silver turbine ear units, screen glow on their faces, cluttered cables, 40mm, 35mm anamorphic film still, Kodak Vision3 500T, low-key motivated lighting, deep shadows, muted color, grounded realism, 2020s northeast China --ar 239:100 --v 8.1 --style raw --s 150 --no cartoon, anime, 3d render, plastic toy, human skin on the robot",@图片1 作为首帧。0–2 秒：音频师皱眉看电平表；2–5 秒：制片俯身指着屏幕说了一句话，音频师点头，伸手去推一个推子。 镜头：中景，40mm，固定。保持首帧的构图、机位、景别、人物大小、朝向、光线和色调；只做一个主动作；真实时间流速，不要慢动作、不要转场、不要字幕、不要背景音乐。,"@image1 as the first frame. 0–2s: the engineer frowns at the meters; 2–5s: the producer leans in, points at the screen and says something; the engineer nods and reaches for a fader. Camera: medium shot, 40mm, locked-off.  Keep the first frame's composition, camera position, framing, subject size, facing, lighting and grade; one main action only; real-time speed, no slow motion, no transitions, no subtitles, no background music.",不改脸部身份；不加人类皮肤；不把配角机械化；不改构图和人物大小；不加无关道具；不生成牙齿和舌头；不做动画或渲染风格；新增中文字后期合成。,ALPHA_O2_v001.mp4,v001
O3,O3,（新出图）,现在访谈,TRANS,proposal_pending,,,9.00,12.00,3.00,provisional_from_script,待确认,,B1+B3,,黑长羽绒服＋灰围巾,无,无,近景，50mm，固定,摄影助理把白卡贴在她的金属脸旁调白平衡,白卡轻微晃动，金属脸上的反光变化,一盏柔光主灯，脸上强反光,她平视，像一台被校准的仪器,摄影助理的手,是（闭合）,否,,摄影（画外）：反光太强，灯压一档。,摄影机风扇声,,新出图。近景：摄影助理把一张白平衡卡贴在 ALPHA 的金属脸旁边，前景是虚焦的电影镜头，角落里的监视器显示她的脸。,"close-up, a camera assistant holding a white balance card right next to the silver robotic face of an adult female humanoid robot with a pearl-white and silver segmented metal body with teal accents, a segmented brushed-silver robotic face, blue-violet irises, teal lips and round silver turbine ear units, wearing a long black puffer down coat, a grey knitted scarf, black trousers and black boots, old scratches on her metal face, a cinema lens blurred in the foreground, a camera monitor in the corner showing her face, harsh reflections on the metal, single soft key light, black background, 50mm, 35mm anamorphic film still, Kodak Vision3 500T, low-key motivated lighting, deep shadows, muted color, grounded realism, 2020s northeast China --ar 239:100 --v 8.1 --style raw --s 150 --no cartoon, anime, 3d render, plastic toy, human skin on the robot",@图片1 作为首帧。0–3 秒：白卡停在她脸旁，主灯慢慢暗了一档，金属脸上的反光随之变柔；她不动。 镜头：近景，50mm，固定。ALPHA 是同一位成年女性机器人：银色分片机械脸、蓝紫色虹膜、青色嘴唇、耳侧圆形涡轮，脖子、手指和关节都是完整机械结构，没有任何人类皮肤。 过渡（推荐用于演播室）：B1 本体＋黑色长羽绒服＋灰围巾，不戴假发，外壳保留旧划痕。保持首帧的构图、机位、景别、人物大小、朝向、光线和色调；只做一个主动作；真实时间流速，不要慢动作、不要转场、不要字幕、不要背景音乐。,"@image1 as the first frame. 0–3s: the card holds beside her face, the key light dims one step and the reflections on her metal face soften; she does not move. Camera: close shot, 50mm, locked-off. ALPHA is the same adult female humanoid robot throughout: a segmented brushed-silver robotic face, blue-violet irises, teal lips, round silver turbine ear units, a fully mechanical neck, fingers and joints, no human skin anywhere. Transitional (recommended for the studio): B1 body, long black puffer coat and grey scarf, no wig, old scratches kept on the shell. Keep the first frame's composition, camera position, framing, subject size, facing, lighting and grade; one main action only; real-time speed, no slow motion, no transitions, no subtitles, no background music.",不改脸部身份；不加人类皮肤；不把配角机械化；不改构图和人物大小；不加无关道具；不生成牙齿和舌头；不做动画或渲染风格；新增中文字后期合成。,ALPHA_O3_v001.mp4,v001
O4,O4,（新出图）,现在访谈,TRANS,proposal_pending,,,12.00,16.00,4.00,provisional_from_script,待确认,,B1+B3,,黑长羽绒服＋灰围巾,无,无,中景，50mm，固定,化妆师拿着刷子愣住，放下刷子，用擦镜布擦她的外壳,化妆箱的小灯,一盏实用灯，暗棚,化妆师尴尬，ALPHA 平静,化妆师（真人）,是（闭合）,否,,化妆师（小声）：……她不用化。,布料摩擦声,,新出图。年轻化妆师举着化妆刷犹豫，站在坐着的 ALPHA 面前，打开的化妆箱在旁边。,"a young Chinese makeup artist holding a makeup brush in mid-air and hesitating, standing in front of an adult female humanoid robot with a pearl-white and silver segmented metal body with teal accents, a segmented brushed-silver robotic face, blue-violet irises, teal lips and round silver turbine ear units, wearing a long black puffer down coat, a grey knitted scarf, black trousers and black boots, old scratches on her metal face who sits on a chair, an open makeup case beside the artist, one practical lamp, dark interview studio, 50mm, 35mm anamorphic film still, Kodak Vision3 500T, low-key motivated lighting, deep shadows, muted color, grounded realism, 2020s northeast China --ar 239:100 --v 8.1 --style raw --s 150 --no cartoon, anime, 3d render, plastic toy, human skin on the robot",@图片1 作为首帧。0–2 秒：化妆师举着刷子停住；2–4 秒：她放下刷子，掏出擦镜布，轻轻擦了擦 ALPHA 脸侧的外壳。 镜头：中景，50mm，固定。ALPHA 是同一位成年女性机器人：银色分片机械脸、蓝紫色虹膜、青色嘴唇、耳侧圆形涡轮，脖子、手指和关节都是完整机械结构，没有任何人类皮肤。 过渡（推荐用于演播室）：B1 本体＋黑色长羽绒服＋灰围巾，不戴假发，外壳保留旧划痕。保持首帧的构图、机位、景别、人物大小、朝向、光线和色调；只做一个主动作；真实时间流速，不要慢动作、不要转场、不要字幕、不要背景音乐。,"@image1 as the first frame. 0–2s: the artist freezes with the brush raised; 2–4s: she lowers it, takes out a lens cloth and gently wipes the side of ALPHA's metal face. Camera: medium shot, 50mm, locked-off. ALPHA is the same adult female humanoid robot throughout: a segmented brushed-silver robotic face, blue-violet irises, teal lips, round silver turbine ear units, a fully mechanical neck, fingers and joints, no human skin anywhere. Transitional (recommended for the studio): B1 body, long black puffer coat and grey scarf, no wig, old scratches kept on the shell. Keep the first frame's composition, camera position, framing, subject size, facing, lighting and grade; one main action only; real-time speed, no slow motion, no transitions, no subtitles, no background music.",不改脸部身份；不加人类皮肤；不把配角机械化；不改构图和人物大小；不加无关道具；不生成牙齿和舌头；不做动画或渲染风格；新增中文字后期合成。,ALPHA_O4_v001.mp4,v001
P1c,P1c,K22（old / new 二选一）,现在访谈,TRANS,candidate_pending,,,16.00,20.00,4.00,provisional_from_script,待确认,,B1+B3,02_latest_frames/005_K22_P1c_演播室贴设备标签_OLD_前期过渡候选.png（推荐）；006_…_NEW_成熟造型候选.png,黑长羽绒服＋灰围巾,无,无,中景，原图机位，固定,场务把编号标签按在她肩头，拍了拍,背景人影走动,原图：冷蓝背景墙、顶光,她的头极轻微地转向肩上的标签,场务（真人）、桌上的嘉宾牌,否（远）,否,,制片（画外）：跟它不用客气，它听不懂。,对讲机杂音,,用现有候选，不重出。嘉宾牌“ALPHA（设备）”后期合成。,,@图片1 作为首帧。0–2 秒：场务把标签按在她肩头，像给器材贴签一样拍了两下；2–4 秒：场务走开，ALPHA 的头极轻微地转向自己肩上的标签。 镜头：中景，原图机位，固定。ALPHA 是同一位成年女性机器人：银色分片机械脸、蓝紫色虹膜、青色嘴唇、耳侧圆形涡轮，脖子、手指和关节都是完整机械结构，没有任何人类皮肤。 过渡（推荐用于演播室）：B1 本体＋黑色长羽绒服＋灰围巾，不戴假发，外壳保留旧划痕。保持首帧的构图、机位、景别、人物大小、朝向、光线和色调；只做一个主动作；真实时间流速，不要慢动作、不要转场、不要字幕、不要背景音乐。,"@image1 as the first frame. 0–2s: the crew member presses the label onto her shoulder and pats it twice like tagging equipment; 2–4s: the crew member walks off and ALPHA's head turns very slightly toward the label. Camera: medium shot, framing as in the first frame, locked-off. ALPHA is the same adult female humanoid robot throughout: a segmented brushed-silver robotic face, blue-violet irises, teal lips, round silver turbine ear units, a fully mechanical neck, fingers and joints, no human skin anywhere. Transitional (recommended for the studio): B1 body, long black puffer coat and grey scarf, no wig, old scratches kept on the shell. Keep the first frame's composition, camera position, framing, subject size, facing, lighting and grade; one main action only; real-time speed, no slow motion, no transitions, no subtitles, no background music.",不改脸部身份；不加人类皮肤；不把配角机械化；不改构图和人物大小；不加无关道具；不生成牙齿和舌头；不做动画或渲染风格；新增中文字后期合成。,ALPHA_P1c_v001.mp4,v001
P1b,P1b,（新出图）,现在访谈,NONE,proposal_pending,,,20.00,24.00,4.00,provisional_from_script,待确认,,—,,—,无,无,中近景，仰拍，50mm,老杨在梯子上拧灯，低头对徒弟说话，扯了扯嘴角,灯架轻晃，光束里的浮尘,头顶影视灯硬光，脸上深阴影,平淡、自嘲,老杨（真人）、梯子,是,对白（待录音）,DLG_P1b,老杨：这棚明年全换自动灯，咱俩就调这最后一年了。,灯具金属声,对白音频尚未录制,新出图。仰拍：五十多岁的灯光师站在铝梯上拧影视灯，低头对扶梯的徒弟说话。,"low angle, a Chinese lighting technician in his fifties with grey hair, stubble and a dark work vest standing on an aluminium ladder adjusting a film light, looking down and talking to a young assistant holding the ladder, a tired self-mocking half smile, hard light from above, black lighting grid, haze, 50mm, 35mm anamorphic film still, Kodak Vision3 500T, low-key motivated lighting, deep shadows, muted color, grounded realism, 2020s northeast China --ar 239:100 --v 8.1 --style raw --s 150 --no cartoon, anime, 3d render, plastic toy, human skin on the robot",@图片1 作为首帧。0–3 秒：他低头对徒弟说了一句话；3–4 秒：他扯了扯嘴角，抬头继续拧灯。 镜头：中近景，仰拍，50mm。保持首帧的构图、机位、景别、人物大小、朝向、光线和色调；只做一个主动作；真实时间流速，不要慢动作、不要转场、不要字幕、不要背景音乐。,"@image1 as the first frame. 0–3s: he looks down and says one line to his assistant; 3–4s: a wry half smile, then he looks up and keeps turning the knob. Camera: close shot, low angle, 50mm, locked-off.  Keep the first frame's composition, camera position, framing, subject size, facing, lighting and grade; one main action only; real-time speed, no slow motion, no transitions, no subtitles, no background music.",不改脸部身份；不加人类皮肤；不把配角机械化；不改构图和人物大小；不加无关道具；不生成牙齿和舌头；不做动画或渲染风格；新增中文字后期合成。,ALPHA_P1b_v001.mp4,v001
P2,P2,（新出图）,现在访谈,NONE,proposal_pending,,,24.00,27.00,3.00,provisional_from_script,待确认,,—,,—,无,无,俯拍，85mm 长焦，隔着窗玻璃,楼下雨里的抗议人群几乎不动,雨水顺玻璃流下,阴天灰白光，湿街面,压抑,,否,否,,,远处的口号声、雨声,,新出图。隔着高楼窗玻璃俯拍：阴雨天，街口一群人撑黑伞举着被雨打湿的纸牌。牌子上的字后期合成。,"high angle through a rain-streaked office window, a crowd of dozens of people with black umbrellas holding soaked handwritten protest signs on a street corner below, grey overcast daylight, wet glossy street, blurred window frame in the foreground, 85mm telephoto compression, 35mm anamorphic film still, Kodak Vision3 500T, low-key motivated lighting, deep shadows, muted color, grounded realism, 2020s northeast China --ar 239:100 --v 8.1 --style raw --s 150 --no cartoon, anime, 3d render, plastic toy, human skin on the robot",@图片1 作为首帧。0–3 秒：雨水顺着玻璃往下流，楼下人群几乎不动，有人把牌子举高了一点。 镜头：俯拍，85mm 长焦，隔着窗玻璃。保持首帧的构图、机位、景别、人物大小、朝向、光线和色调；只做一个主动作；真实时间流速，不要慢动作、不要转场、不要字幕、不要背景音乐。,"@image1 as the first frame. 0–3s: rain runs down the glass; the crowd below barely moves, one person lifts a sign a little higher. Camera: high angle, through glass, 85mm, locked-off.  Keep the first frame's composition, camera position, framing, subject size, facing, lighting and grade; one main action only; real-time speed, no slow motion, no transitions, no subtitles, no background music.",不改脸部身份；不加人类皮肤；不把配角机械化；不改构图和人物大小；不加无关道具；不生成牙齿和舌头；不做动画或渲染风格；新增中文字后期合成。,ALPHA_P2_v001.mp4,v001
O6,O6,（新出图）,现在访谈,TRANS,proposal_pending,,,27.00,31.00,4.00,provisional_from_script,待确认,,B1+B3；G-B,,黑长羽绒服＋灰围巾,无,G-B 蜂蜜原木色木吉他（深棕背板、磨损、琴边金属修补、拾音改装和黑色线）,全景，40mm 变形宽银幕，固定,场记在前景打板；林姐翻着手卡，ALPHA 坐在对面；她身后支架上立着木吉他，挂着小纸牌,打板,黑色空棚，一盏暖色落地灯为主光，摄影机和工作人员藏在暗处，空气里有薄烟,安静、准备,林姐（真人）,否（远）,否,,场记：《对面》第四十七期，第一条。,打板声,,新出图。访谈布景全景：两把旧扶手椅面对面，一盏落地灯；林姐翻手卡，ALPHA 坐在对面，身后支架上是 G-B 木吉他。,"wide shot of a dark minimalist interview set in a large black studio, two worn armchairs facing each other and a single floor lamp, a Chinese female interviewer in her early forties with short bob hair and a black suit flipping through cue cards, an adult female humanoid robot with a pearl-white and silver segmented metal body with teal accents, a segmented brushed-silver robotic face, blue-violet irises, teal lips and round silver turbine ear units, wearing a long black puffer down coat, a grey knitted scarf, black trousers and black boots, old scratches on her metal face sitting in the other armchair, behind the robot the G-B honey-colored acoustic guitar with a dark brown back, worn finish, a metal repair on the edge and a pickup jack with a black cable on a stand with a small paper tag, a clapperboard snapping in the foreground, cinema cameras and crew half hidden in the shadows, 40mm anamorphic, 35mm anamorphic film still, Kodak Vision3 500T, low-key motivated lighting, deep shadows, muted color, grounded realism, 2020s northeast China --ar 239:100 --v 8.1 --style raw --s 150 --no cartoon, anime, 3d render, plastic toy, human skin on the robot",@图片1 作为首帧。0–1 秒：场记在前景打板；1–4 秒：场记退出画面，林姐合上手卡抬起头。 镜头：全景，40mm 变形宽银幕，固定。ALPHA 是同一位成年女性机器人：银色分片机械脸、蓝紫色虹膜、青色嘴唇、耳侧圆形涡轮，脖子、手指和关节都是完整机械结构，没有任何人类皮肤。 过渡（推荐用于演播室）：B1 本体＋黑色长羽绒服＋灰围巾，不戴假发，外壳保留旧划痕。保持首帧的构图、机位、景别、人物大小、朝向、光线和色调；只做一个主动作；真实时间流速，不要慢动作、不要转场、不要字幕、不要背景音乐。,"@image1 as the first frame. 0–1s: the clapperboard snaps in the foreground; 1–4s: it leaves the frame and the interviewer closes her cue cards and looks up. Camera: wide shot, 40mm, anamorphic, locked-off. ALPHA is the same adult female humanoid robot throughout: a segmented brushed-silver robotic face, blue-violet irises, teal lips, round silver turbine ear units, a fully mechanical neck, fingers and joints, no human skin anywhere. Transitional (recommended for the studio): B1 body, long black puffer coat and grey scarf, no wig, old scratches kept on the shell. Keep the first frame's composition, camera position, framing, subject size, facing, lighting and grade; one main action only; real-time speed, no slow motion, no transitions, no subtitles, no background music.",不改脸部身份；不加人类皮肤；不把配角机械化；不改构图和人物大小；不加无关道具；不生成牙齿和舌头；不做动画或渲染风格；新增中文字后期合成。,ALPHA_O6_v001.mp4,v001
O7,O7,（新出图）,现在访谈,TRANS,proposal_pending,,,31.00,37.00,6.00,provisional_from_script,待确认,,B1+B3,,黑长羽绒服＋灰围巾,无,无,过肩，50mm，固定,越过 ALPHA 的肩拍林姐提问，ALPHA 回答（只见后脑和耳侧涡轮）,落地灯光,黑色空棚，一盏暖色落地灯为主光，摄影机和工作人员藏在暗处，空气里有薄烟,林姐平静、专业,林姐（真人）,林姐是／ALPHA 否,对白（待录音）,DLG_O7,林姐：先介绍一下你自己吧。／ALPHA：我叫 ALPHA。是……第一个的意思。,空调底噪,对白音频尚未录制,新出图。从 ALPHA 身后过肩拍：前景是她的金属后脑和耳侧涡轮（虚焦），对面扶手椅上的林姐正在提问。,"over-the-shoulder shot from behind an adult female humanoid robot with a pearl-white and silver segmented metal body with teal accents, a segmented brushed-silver robotic face, blue-violet irises, teal lips and round silver turbine ear units, wearing a long black puffer down coat, a grey knitted scarf, black trousers and black boots, old scratches on her metal face, the back of her silver metal head and turbine ear blurred in the foreground, across from her a Chinese female interviewer in her early forties with short bob hair and a black suit asking a question with calm eyes, a single floor lamp between them, dark interview studio, 50mm, 35mm anamorphic film still, Kodak Vision3 500T, low-key motivated lighting, deep shadows, muted color, grounded realism, 2020s northeast China --ar 239:100 --v 8.1 --style raw --s 150 --no cartoon, anime, 3d render, plastic toy, human skin on the robot",@图片1 作为首帧。0–3 秒：林姐提问；3–6 秒：前景的 ALPHA 头部极轻微地动了一下，在回答，林姐安静地听。 镜头：过肩，50mm，固定。ALPHA 是同一位成年女性机器人：银色分片机械脸、蓝紫色虹膜、青色嘴唇、耳侧圆形涡轮，脖子、手指和关节都是完整机械结构，没有任何人类皮肤。 过渡（推荐用于演播室）：B1 本体＋黑色长羽绒服＋灰围巾，不戴假发，外壳保留旧划痕。保持首帧的构图、机位、景别、人物大小、朝向、光线和色调；只做一个主动作；真实时间流速，不要慢动作、不要转场、不要字幕、不要背景音乐。,"@image1 as the first frame. 0–3s: the interviewer asks a question; 3–6s: ALPHA's head in the foreground moves very slightly as she answers; the interviewer listens. Camera: over-the-shoulder, 50mm, locked-off. ALPHA is the same adult female humanoid robot throughout: a segmented brushed-silver robotic face, blue-violet irises, teal lips, round silver turbine ear units, a fully mechanical neck, fingers and joints, no human skin anywhere. Transitional (recommended for the studio): B1 body, long black puffer coat and grey scarf, no wig, old scratches kept on the shell. Keep the first frame's composition, camera position, framing, subject size, facing, lighting and grade; one main action only; real-time speed, no slow motion, no transitions, no subtitles, no background music.",不改脸部身份；不加人类皮肤；不把配角机械化；不改构图和人物大小；不加无关道具；不生成牙齿和舌头；不做动画或渲染风格；新增中文字后期合成。,ALPHA_O7_v001.mp4,v001
O8,O8,（新出图）,现在访谈,TRANS,proposal_pending,,,37.00,43.00,6.00,provisional_from_script,待确认,,B1+B3,,黑长羽绒服＋灰围巾,无,无,近景，85mm，固定,林姐问出第一题后，ALPHA 长久地沉默,背景虚焦人影互相看了一眼,落地灯照亮她半边金属脸，另一半在暗处,沉默、无法回答，眼睛慢慢垂下,领夹麦和白胶带,是（闭合不动）,否（沉默）,,林姐（画外）：你的悲伤，是真的吗？　（随后沉默约 4 秒）,只有空调声,,新出图。近景：ALPHA 坐在旧扶手椅里，胸前贴着领夹麦，落地灯照亮半边金属脸，背景是虚焦的工作人员剪影。,"close-up of an adult female humanoid robot with a pearl-white and silver segmented metal body with teal accents, a segmented brushed-silver robotic face, blue-violet irises, teal lips and round silver turbine ear units, wearing a long black puffer down coat, a grey knitted scarf, black trousers and black boots, old scratches on her metal face sitting in a worn armchair in a dark interview studio, silent, her eyes lowered, a lavalier mic taped to her chest, warm floor lamp light on half of her metal face, the other half in darkness, out-of-focus crew silhouettes in the background, 85mm, tension and silence, 35mm anamorphic film still, Kodak Vision3 500T, low-key motivated lighting, deep shadows, muted color, grounded realism, 2020s northeast China --ar 239:100 --v 8.1 --style raw --s 150 --no cartoon, anime, 3d render, plastic toy, human skin on the robot",@图片1 作为首帧。0–2 秒：她听完问题，一动不动；2–5 秒：眼睛慢慢垂下，嘴保持闭合；5–6 秒：背景里两个工作人员互相看了一眼。 镜头：近景，85mm，固定。ALPHA 是同一位成年女性机器人：银色分片机械脸、蓝紫色虹膜、青色嘴唇、耳侧圆形涡轮，脖子、手指和关节都是完整机械结构，没有任何人类皮肤。 过渡（推荐用于演播室）：B1 本体＋黑色长羽绒服＋灰围巾，不戴假发，外壳保留旧划痕。保持首帧的构图、机位、景别、人物大小、朝向、光线和色调；只做一个主动作；真实时间流速，不要慢动作、不要转场、不要字幕、不要背景音乐。,"@image1 as the first frame. 0–2s: she hears the question and stays still; 2–5s: her eyes slowly lower, mouth stays closed; 5–6s: two crew members in the background glance at each other. Camera: close shot, 85mm, locked-off. ALPHA is the same adult female humanoid robot throughout: a segmented brushed-silver robotic face, blue-violet irises, teal lips, round silver turbine ear units, a fully mechanical neck, fingers and joints, no human skin anywhere. Transitional (recommended for the studio): B1 body, long black puffer coat and grey scarf, no wig, old scratches kept on the shell. Keep the first frame's composition, camera position, framing, subject size, facing, lighting and grade; one main action only; real-time speed, no slow motion, no transitions, no subtitles, no background music.",不改脸部身份；不加人类皮肤；不把配角机械化；不改构图和人物大小；不加无关道具；不生成牙齿和舌头；不做动画或渲染风格；新增中文字后期合成。,ALPHA_O8_v001.mp4,v001
O9,O9,（新出图）,现在访谈,TRANS,proposal_pending,,,43.00,48.00,5.00,provisional_from_script,待确认,,B1+B3；G-B,,黑长羽绒服＋灰围巾,无,G-B 蜂蜜原木色木吉他（深棕背板、磨损、琴边金属修补、拾音改装和黑色线）,中景，50mm，固定,她慢慢转头看向身后支架上的木吉他，说出一句话,落地灯光在吉他上,黑色空棚，一盏暖色落地灯为主光，摄影机和工作人员藏在暗处，空气里有薄烟,犹豫，然后决定,吉他、纸牌,是,对白（待录音）,DLG_O9,ALPHA：我可以……唱出来吗？　（林姐看了她很久，点头）,椅子轻响,对白音频尚未录制,新出图。中景：ALPHA 坐在扶手椅里，慢慢转头看向身后支架上的 G-B 木吉他，前景是虚焦的林姐。,"medium shot, an adult female humanoid robot with a pearl-white and silver segmented metal body with teal accents, a segmented brushed-silver robotic face, blue-violet irises, teal lips and round silver turbine ear units, wearing a long black puffer down coat, a grey knitted scarf, black trousers and black boots, old scratches on her metal face in an armchair slowly turning her head to look at the G-B honey-colored acoustic guitar with a dark brown back, worn finish, a metal repair on the edge and a pickup jack with a black cable standing on a stand behind her with a small paper tag, the floor lamp light catching the guitar, the interviewer blurred in the foreground, dark studio, 50mm, 35mm anamorphic film still, Kodak Vision3 500T, low-key motivated lighting, deep shadows, muted color, grounded realism, 2020s northeast China --ar 239:100 --v 8.1 --style raw --s 150 --no cartoon, anime, 3d render, plastic toy, human skin on the robot",@图片1 作为首帧。0–2 秒：她慢慢转头看向吉他；2–5 秒：她转回来，对着林姐说了一句短短的话。 镜头：中景，50mm，固定。ALPHA 是同一位成年女性机器人：银色分片机械脸、蓝紫色虹膜、青色嘴唇、耳侧圆形涡轮，脖子、手指和关节都是完整机械结构，没有任何人类皮肤。 过渡（推荐用于演播室）：B1 本体＋黑色长羽绒服＋灰围巾，不戴假发，外壳保留旧划痕。保持首帧的构图、机位、景别、人物大小、朝向、光线和色调；只做一个主动作；真实时间流速，不要慢动作、不要转场、不要字幕、不要背景音乐。,"@image1 as the first frame. 0–2s: she slowly turns to look at the guitar; 2–5s: she turns back and says one short line to the interviewer. Camera: medium shot, 50mm, locked-off. ALPHA is the same adult female humanoid robot throughout: a segmented brushed-silver robotic face, blue-violet irises, teal lips, round silver turbine ear units, a fully mechanical neck, fingers and joints, no human skin anywhere. Transitional (recommended for the studio): B1 body, long black puffer coat and grey scarf, no wig, old scratches kept on the shell. Keep the first frame's composition, camera position, framing, subject size, facing, lighting and grade; one main action only; real-time speed, no slow motion, no transitions, no subtitles, no background music.",不改脸部身份；不加人类皮肤；不把配角机械化；不改构图和人物大小；不加无关道具；不生成牙齿和舌头；不做动画或渲染风格；新增中文字后期合成。,ALPHA_O9_v001.mp4,v001
P4,P4,（新出图）,现在访谈,TRANS,proposal_pending,,,48.00,50.50,2.50,provisional_from_script,待确认,,B1+B3；G-B,,黑长羽绒服＋灰围巾,无,G-B 蜂蜜原木色木吉他（深棕背板、磨损、琴边金属修补、拾音改装和黑色线）,中景，50mm,小鹿把木吉他递到她手里,,黑色空棚，一盏暖色落地灯为主光，摄影机和工作人员藏在暗处，空气里有薄烟,小鹿平静，ALPHA 接住,小鹿（真人外观）,否,否,,,吉他碰到椅子的轻响,,新出图。小鹿（实习场务，牛仔外套，工作牌）把 G-B 木吉他递给坐在扶手椅里的 ALPHA。,"a 23-year-old Chinese girl with a round face, a low ponytail, a faded blue denim jacket and a crew badge handing the G-B honey-colored acoustic guitar with a dark brown back, worn finish, a metal repair on the edge and a pickup jack with a black cable to an adult female humanoid robot with a pearl-white and silver segmented metal body with teal accents, a segmented brushed-silver robotic face, blue-violet irises, teal lips and round silver turbine ear units, wearing a long black puffer down coat, a grey knitted scarf, black trousers and black boots, old scratches on her metal face who sits in an armchair, the robot's metal hands reaching for it, warm floor lamp light, dark interview studio, 50mm, 35mm anamorphic film still, Kodak Vision3 500T, low-key motivated lighting, deep shadows, muted color, grounded realism, 2020s northeast China --ar 239:100 --v 8.1 --style raw --s 150 --no cartoon, anime, 3d render, plastic toy, human skin on the robot",@图片1 作为首帧。0–2.5 秒：小鹿把吉他递过去，ALPHA 的金属手接住琴颈。 镜头：中景，50mm。ALPHA 是同一位成年女性机器人：银色分片机械脸、蓝紫色虹膜、青色嘴唇、耳侧圆形涡轮，脖子、手指和关节都是完整机械结构，没有任何人类皮肤。 过渡（推荐用于演播室）：B1 本体＋黑色长羽绒服＋灰围巾，不戴假发，外壳保留旧划痕。 小鹿、阿凯、默默始终是普通人外观：不出现金属、线路或机械结构，影子和倒影正常。保持首帧的构图、机位、景别、人物大小、朝向、光线和色调；只做一个主动作；真实时间流速，不要慢动作、不要转场、不要字幕、不要背景音乐。,"@image1 as the first frame. 0–2.5s: Xiaolu hands over the guitar and ALPHA's metal hands take the neck. Camera: medium shot, 50mm, locked-off. ALPHA is the same adult female humanoid robot throughout: a segmented brushed-silver robotic face, blue-violet irises, teal lips, round silver turbine ear units, a fully mechanical neck, fingers and joints, no human skin anywhere. Transitional (recommended for the studio): B1 body, long black puffer coat and grey scarf, no wig, old scratches kept on the shell. Xiaolu, Akai and Momo always look like ordinary people: no metal, wires or machinery, normal shadows and reflections. Keep the first frame's composition, camera position, framing, subject size, facing, lighting and grade; one main action only; real-time speed, no slow motion, no transitions, no subtitles, no background music.",不改脸部身份；不加人类皮肤；不把配角机械化；不改构图和人物大小；不加无关道具；不生成牙齿和舌头；不做动画或渲染风格；新增中文字后期合成。,ALPHA_P4_v001.mp4,v001
P5,P5,K11（old）,现在访谈,TRANS,candidate_pending,,,50.50,52.00,1.50,provisional_from_script,待确认,,B1+B3；G-B,02_latest_frames/033_K11_PF2_手部与吉他特写_OLD_前期过渡候选.png,黑长羽绒服＋灰围巾,无,G-B 蜂蜜原木色木吉他（深棕背板、磨损、琴边金属修补、拾音改装和黑色线）,特写，原图，固定,拨弦手拨动一根弦,琴弦振动,原图,—,按弦手与拨弦手不互换、指板方向,否,否,,,一声拨弦（母带从这里进入）,,复用 K11 old（与 PF2 同一画面，不新增素材）。,,@图片1 作为首帧。0–1.5 秒：拨弦的机械手指拨动一根弦，琴弦振动，另一只手不动。 镜头：特写，原图，固定。ALPHA 是同一位成年女性机器人：银色分片机械脸、蓝紫色虹膜、青色嘴唇、耳侧圆形涡轮，脖子、手指和关节都是完整机械结构，没有任何人类皮肤。 过渡（推荐用于演播室）：B1 本体＋黑色长羽绒服＋灰围巾，不戴假发，外壳保留旧划痕。保持首帧的构图、机位、景别、人物大小、朝向、光线和色调；只做一个主动作；真实时间流速，不要慢动作、不要转场、不要字幕、不要背景音乐。,"@image1 as the first frame. 0–1.5s: the picking hand plucks one string, the string vibrates, the fretting hand stays still. Camera: close-up, framing as in the first frame, locked-off. ALPHA is the same adult female humanoid robot throughout: a segmented brushed-silver robotic face, blue-violet irises, teal lips, round silver turbine ear units, a fully mechanical neck, fingers and joints, no human skin anywhere. Transitional (recommended for the studio): B1 body, long black puffer coat and grey scarf, no wig, old scratches kept on the shell. Keep the first frame's composition, camera position, framing, subject size, facing, lighting and grade; one main action only; real-time speed, no slow motion, no transitions, no subtitles, no background music.",不改脸部身份；不加人类皮肤；不把配角机械化；不改构图和人物大小；不加无关道具；不生成牙齿和舌头；不做动画或渲染风格；新增中文字后期合成。,ALPHA_P5_v001.mp4,v001
S01,S01,（新出图；备用 K21 old）,现在访谈,TRANS,proposal_pending,0.00,14.43,52.00,66.43,14.43,provisional_lrc,待确认,（前奏）,B1+B3；G-B,,黑长羽绒服＋灰围巾,无,G-B 蜂蜜原木色木吉他（深棕背板、磨损、琴边金属修补、拾音改装和黑色线）,全景，40mm 变形宽银幕，极慢推近,她在落地灯下弹起前奏，暗处的工作人员一个个放慢、停下,烟、光,黑色空棚，一盏暖色落地灯为主光，摄影机和工作人员藏在暗处，空气里有薄烟；另有一束顶光,专注,工作人员真人,否（远）,否,,,母带,,新出图。访谈布景全景：ALPHA 抱着木吉他坐在扶手椅里开始弹，周围暗处的工作人员停下动作。,"wide shot of a dark minimalist interview set, an adult female humanoid robot with a pearl-white and silver segmented metal body with teal accents, a segmented brushed-silver robotic face, blue-violet irises, teal lips and round silver turbine ear units, wearing a long black puffer down coat, a grey knitted scarf, black trousers and black boots, old scratches on her metal face sitting in a worn armchair with the G-B honey-colored acoustic guitar with a dark brown back, worn finish, a metal repair on the edge and a pickup jack with a black cable across her lap starting to play, a single floor lamp and one overhead spotlight cutting through haze, crew members slowly stopping in the shadows around her, 40mm anamorphic, 35mm anamorphic film still, Kodak Vision3 500T, low-key motivated lighting, deep shadows, muted color, grounded realism, 2020s northeast China --ar 239:100 --v 8.1 --style raw --s 150 --no cartoon, anime, 3d render, plastic toy, human skin on the robot",@图片1 作为首帧。0–14 秒：她低头弹前奏；暗处的人一个接一个放慢脚步、停下；镜头极慢地推近。 镜头：全景，40mm 变形宽银幕，极慢推近。ALPHA 是同一位成年女性机器人：银色分片机械脸、蓝紫色虹膜、青色嘴唇、耳侧圆形涡轮，脖子、手指和关节都是完整机械结构，没有任何人类皮肤。 过渡（推荐用于演播室）：B1 本体＋黑色长羽绒服＋灰围巾，不戴假发，外壳保留旧划痕。保持首帧的构图、机位、景别、人物大小、朝向、光线和色调；只做一个主动作；真实时间流速，不要慢动作、不要转场、不要字幕、不要背景音乐。,"@image1 as the first frame. 0–14s: she plays the intro with her head down; crew members in the dark slow down and stop one by one; the camera pushes in very slowly. Camera: wide shot, 40mm, anamorphic, slow push in. ALPHA is the same adult female humanoid robot throughout: a segmented brushed-silver robotic face, blue-violet irises, teal lips, round silver turbine ear units, a fully mechanical neck, fingers and joints, no human skin anywhere. Transitional (recommended for the studio): B1 body, long black puffer coat and grey scarf, no wig, old scratches kept on the shell. Keep the first frame's composition, camera position, framing, subject size, facing, lighting and grade; one main action only; real-time speed, no slow motion, no transitions, no subtitles, no background music.",不改脸部身份；不加人类皮肤；不把配角机械化；不改构图和人物大小；不加无关道具；不生成牙齿和舌头；不做动画或渲染风格；新增中文字后期合成。,ALPHA_S01_v001.mp4,v001
S02,S02,K20（old / new）,现在访谈,TRANS,candidate_pending,14.43,21.03,66.43,73.03,6.60,provisional_lrc,待确认,望着你坐上远去的列车,B1+B3；G-B,02_latest_frames/007_K20_S02_面部与吉他极近景_OLD_前期过渡候选.png（推荐）,黑长羽绒服＋灰围巾,无,G-B 蜂蜜原木色木吉他（深棕背板、磨损、琴边金属修补、拾音改装和黑色线）,极近景，原图，缓慢推近,她低头唱出第一句,眼环轻微明暗,原图暖色背景光斑,克制、像在回忆,木吉他、灰围巾,是,是,ALPHA_S02_01,,母带,母带区间见 audio/audio_segments.csv；生成用整句，剪辑只取本镜区间,用现有候选。,,@图片1 作为首帧。@音频1 为本镜演唱音频（ALPHA_S02_01_MIX_v001.wav），嘴型与之同步；若平台不支持音频参考，生成后再用口型工具对齐。0–6.6 秒：她轻声唱出这一句，嘴唇随歌声开合（以 @音频1 为准），头微微偏向一侧，按弦的手指比人慢半拍。 镜头：极近景，原图，缓慢推近。ALPHA 是同一位成年女性机器人：银色分片机械脸、蓝紫色虹膜、青色嘴唇、耳侧圆形涡轮，脖子、手指和关节都是完整机械结构，没有任何人类皮肤。 过渡（推荐用于演播室）：B1 本体＋黑色长羽绒服＋灰围巾，不戴假发，外壳保留旧划痕。保持首帧的构图、机位、景别、人物大小、朝向、光线和色调；只做一个主动作；真实时间流速，不要慢动作、不要转场、不要字幕、不要背景音乐。,"@image1 as the first frame. @audio1 is this shot's vocal (ALPHA_S02_01_MIX_v001.wav); sync the lips to it. If audio reference is unsupported, lip-sync afterwards.0–6.6s: she sings this line softly, lips following @audio1, head tilting slightly, fretting fingers half a beat slower than a human. Camera: extreme close-up, framing as in the first frame, slow push in. ALPHA is the same adult female humanoid robot throughout: a segmented brushed-silver robotic face, blue-violet irises, teal lips, round silver turbine ear units, a fully mechanical neck, fingers and joints, no human skin anywhere. Transitional (recommended for the studio): B1 body, long black puffer coat and grey scarf, no wig, old scratches kept on the shell. Keep the first frame's composition, camera position, framing, subject size, facing, lighting and grade; one main action only; real-time speed, no slow motion, no transitions, no subtitles, no background music.",不改脸部身份；不加人类皮肤；不把配角机械化；不改构图和人物大小；不加无关道具；不生成牙齿和舌头；不做动画或渲染风格；新增中文字后期合成。,ALPHA_S02_v001.mp4,v001
PF1,PF1,K21（old / new）,现在访谈,TRANS,candidate_pending,21.03,24.50,73.03,76.50,3.47,provisional_lrc,待确认,汽笛声将悲伤情绪淹没（前半）,B1+B3；G-B,02_latest_frames/037_K21_PF4_低角度弹唱中景_OLD_前期过渡候选.png（推荐）,黑长羽绒服＋灰围巾,无,G-B 蜂蜜原木色木吉他（深棕背板、磨损、琴边金属修补、拾音改装和黑色线）,中景，低机位，原图，固定,她仰头唱，身后梯子上的人影停住,烟里的光柱,原图,投入,背景梯子和人影,是,是,ALPHA_PF1_01,,母带,母带区间见 audio/audio_segments.csv；生成用整句，剪辑只取本镜区间,用现有候选（原稿 PF4 的 K21 改作此处 PF1）。,,@图片1 作为首帧。@音频1 为本镜演唱音频（ALPHA_PF1_01_MIX_v001.wav），嘴型与之同步；若平台不支持音频参考，生成后再用口型工具对齐。0–3.5 秒：她微微仰头唱，嘴唇随 @音频1 开合，扫弦的手稳定；背景梯子上的人影一动不动。 镜头：中景，低机位，原图，固定。ALPHA 是同一位成年女性机器人：银色分片机械脸、蓝紫色虹膜、青色嘴唇、耳侧圆形涡轮，脖子、手指和关节都是完整机械结构，没有任何人类皮肤。 过渡（推荐用于演播室）：B1 本体＋黑色长羽绒服＋灰围巾，不戴假发，外壳保留旧划痕。保持首帧的构图、机位、景别、人物大小、朝向、光线和色调；只做一个主动作；真实时间流速，不要慢动作、不要转场、不要字幕、不要背景音乐。,"@image1 as the first frame. @audio1 is this shot's vocal (ALPHA_PF1_01_MIX_v001.wav); sync the lips to it. If audio reference is unsupported, lip-sync afterwards.0–3.5s: she sings with her head slightly raised, lips following @audio1, steady strumming; the silhouette on the ladder behind stays still. Camera: medium shot, low angle, framing as in the first frame, locked-off. ALPHA is the same adult female humanoid robot throughout: a segmented brushed-silver robotic face, blue-violet irises, teal lips, round silver turbine ear units, a fully mechanical neck, fingers and joints, no human skin anywhere. Transitional (recommended for the studio): B1 body, long black puffer coat and grey scarf, no wig, old scratches kept on the shell. Keep the first frame's composition, camera position, framing, subject size, facing, lighting and grade; one main action only; real-time speed, no slow motion, no transitions, no subtitles, no background music.",不改脸部身份；不加人类皮肤；不把配角机械化；不改构图和人物大小；不加无关道具；不生成牙齿和舌头；不做动画或渲染风格；新增中文字后期合成。,ALPHA_PF1_v001.mp4,v001
S03,S03,（新出图）,现在访谈,NONE,proposal_pending,24.50,27.81,76.50,79.81,3.31,provisional_lrc,待确认,汽笛声将悲伤情绪淹没（后半）,—,,—,无,无,中近景，仰拍，50mm,老杨的手停在灯的旋钮上，慢慢转头看向她,光束交错,身后影视灯把他勾成半剪影，舞台暖光照亮半边脸,眼睛发红，喉结动了一下,老杨（真人）、梯子,否,否,,,母带,,新出图。仰拍：老杨停在铝梯上，一只手还搭在灯的旋钮上，转头望向舞台。,"low angle, a Chinese lighting technician in his fifties with grey hair, stubble and a dark work vest frozen on an aluminium ladder with one hand still on a film light, slowly turning his head toward the stage, eyes slightly red, half silhouetted by the light behind him, warm stage light on one side of his face, haze, 50mm, 35mm anamorphic film still, Kodak Vision3 500T, low-key motivated lighting, deep shadows, muted color, grounded realism, 2020s northeast China --ar 239:100 --v 8.1 --style raw --s 150 --no cartoon, anime, 3d render, plastic toy, human skin on the robot",@图片1 作为首帧。0–1.5 秒：他的手停在旋钮上；1.5–3.3 秒：他慢慢转头看向舞台，喉结动了一下。 镜头：中近景，仰拍，50mm。保持首帧的构图、机位、景别、人物大小、朝向、光线和色调；只做一个主动作；真实时间流速，不要慢动作、不要转场、不要字幕、不要背景音乐。,"@image1 as the first frame. 0–1.5s: his hand stops on the knob; 1.5–3.3s: he slowly turns toward the stage and swallows. Camera: close shot, low angle, 50mm, locked-off.  Keep the first frame's composition, camera position, framing, subject size, facing, lighting and grade; one main action only; real-time speed, no slow motion, no transitions, no subtitles, no background music.",不改脸部身份；不加人类皮肤；不把配角机械化；不改构图和人物大小；不加无关道具；不生成牙齿和舌头；不做动画或渲染风格；新增中文字后期合成。,ALPHA_S03_v001.mp4,v001
S04,S04,（新出图）,现在访谈,TRANS,proposal_pending,27.81,33.00,79.81,85.00,5.19,provisional_lrc,待确认,站台上忽然一阵风吹过,B1+B3；G-B,,黑长羽绒服＋灰围巾,无,G-B 蜂蜜原木色木吉他（深棕背板、磨损、琴边金属修补、拾音改装和黑色线）,中景，50mm，固定,制片起身要往舞台走，林姐没回头，抬手拦住他,,两人近乎剪影，舞台暖光勾出侧脸,林姐坚决,林姐、制片（真人）,否,否,,,母带,,新出图。林姐坐在暗处抬手拦住正要起身的制片，两人近乎剪影，远处光里是弹唱的 ALPHA。,"a Chinese female interviewer in her early forties with short bob hair and a black suit sitting in the dark raising one hand, without looking back, to stop a producer with a headset who is getting up, both almost silhouettes, warm light from the set outlining their profiles, far in the blurred background an adult female humanoid robot with a pearl-white and silver segmented metal body with teal accents, a segmented brushed-silver robotic face, blue-violet irises, teal lips and round silver turbine ear units, wearing a long black puffer down coat, a grey knitted scarf, black trousers and black boots, old scratches on her metal face singing in a pool of light, 50mm, 35mm anamorphic film still, Kodak Vision3 500T, low-key motivated lighting, deep shadows, muted color, grounded realism, 2020s northeast China --ar 239:100 --v 8.1 --style raw --s 150 --no cartoon, anime, 3d render, plastic toy, human skin on the robot",@图片1 作为首帧。0–2 秒：制片皱眉起身；2–3.5 秒：林姐不回头，抬手拦住；3.5–5 秒：两人都停下，看着舞台。 镜头：中景，50mm，固定。ALPHA 是同一位成年女性机器人：银色分片机械脸、蓝紫色虹膜、青色嘴唇、耳侧圆形涡轮，脖子、手指和关节都是完整机械结构，没有任何人类皮肤。 过渡（推荐用于演播室）：B1 本体＋黑色长羽绒服＋灰围巾，不戴假发，外壳保留旧划痕。保持首帧的构图、机位、景别、人物大小、朝向、光线和色调；只做一个主动作；真实时间流速，不要慢动作、不要转场、不要字幕、不要背景音乐。,"@image1 as the first frame. 0–2s: the producer frowns and gets up; 2–3.5s: she raises a hand without looking back; 3.5–5s: both stop and watch the stage. Camera: medium shot, 50mm, locked-off. ALPHA is the same adult female humanoid robot throughout: a segmented brushed-silver robotic face, blue-violet irises, teal lips, round silver turbine ear units, a fully mechanical neck, fingers and joints, no human skin anywhere. Transitional (recommended for the studio): B1 body, long black puffer coat and grey scarf, no wig, old scratches kept on the shell. Keep the first frame's composition, camera position, framing, subject size, facing, lighting and grade; one main action only; real-time speed, no slow motion, no transitions, no subtitles, no background music.",不改脸部身份；不加人类皮肤；不把配角机械化；不改构图和人物大小；不加无关道具；不生成牙齿和舌头；不做动画或渲染风格；新增中文字后期合成。,ALPHA_S04_v001.mp4,v001
S05,S05,（新出图）,现在访谈,NONE,proposal_pending,33.00,38.00,85.00,90.00,5.00,provisional_lrc,待确认,一滴泪在我的眼角滑落,—,,—,无,无,近景，85mm，焦点从手卡移到脸,林姐眼眶发红，一滴泪落在手卡上，墨迹晕开,墨迹晕开,台灯暖光从下照亮手卡和下巴,克制，飞快擦掉眼泪坐直,林姐（真人）,否,否,,,母带,,新出图。近景：林姐双手拿着手写手卡，眼眶发红。手卡上的字后期合成。,"close-up of a Chinese female interviewer in her early forties with short bob hair holding a white handwritten cue card, her eyes red and wet, warm lamp light from below lighting the card and her chin, blurred warm bokeh behind, 85mm, restrained emotion, 35mm anamorphic film still, Kodak Vision3 500T, low-key motivated lighting, deep shadows, muted color, grounded realism, 2020s northeast China --ar 239:100 --v 8.1 --style raw --s 150 --no cartoon, anime, 3d render, plastic toy, human skin on the robot",@图片1 作为首帧。0–2 秒：她盯着舞台，努力忍住；2–3 秒：一滴泪落在手卡上；3–5 秒：墨迹晕开，她飞快擦了一下眼角，坐直。 镜头：近景，85mm，焦点从手卡移到脸。保持首帧的构图、机位、景别、人物大小、朝向、光线和色调；只做一个主动作；真实时间流速，不要慢动作、不要转场、不要字幕、不要背景音乐。,"@image1 as the first frame. 0–2s: she watches the stage, holding it in; 2–3s: a tear drops onto the card; 3–5s: the ink blooms, she quickly wipes her eye and sits up. Camera: close shot, 85mm, locked-off.  Keep the first frame's composition, camera position, framing, subject size, facing, lighting and grade; one main action only; real-time speed, no slow motion, no transitions, no subtitles, no background music.",不改脸部身份；不加人类皮肤；不把配角机械化；不改构图和人物大小；不加无关道具；不生成牙齿和舌头；不做动画或渲染风格；新增中文字后期合成。,ALPHA_S05_v001.mp4,v001
S06,S06,（新出图）,现在访谈,TRANS,proposal_pending,38.00,40.95,90.00,92.95,2.95,provisional_lrc,待确认,（间隙）,B1+B3,,黑长羽绒服＋灰围巾,无,无,大特写，100mm，缓慢推近,推向她的眼睛，眼环像光圈一样转动,,顶光，脸的下半在暗处,回忆开始,,否（出画）,否,,字幕 IV1：问：第一次唱歌，是为谁唱的？,母带,,新出图。ALPHA 的面部大特写，蓝紫色眼睛望向画外的黑暗。,"extreme close-up of the face of an adult female humanoid robot with a pearl-white and silver segmented metal body with teal accents, a segmented brushed-silver robotic face, blue-violet irises, teal lips and round silver turbine ear units, wearing a long black puffer down coat, a grey knitted scarf, black trousers and black boots, old scratches on her metal face, blue-violet ring-shaped irises looking off-frame into the darkness, top light on brushed metal, lower half of the face in shadow, black background, 100mm, 35mm anamorphic film still, Kodak Vision3 500T, low-key motivated lighting, deep shadows, muted color, grounded realism, 2020s northeast China --ar 239:100 --v 8.1 --style raw --s 150 --no cartoon, anime, 3d render, plastic toy, human skin on the robot",@图片1 作为首帧。0–3 秒：镜头缓慢推近她的眼睛，眼环像光圈一样慢慢转动。 镜头：大特写，100mm，缓慢推近。ALPHA 是同一位成年女性机器人：银色分片机械脸、蓝紫色虹膜、青色嘴唇、耳侧圆形涡轮，脖子、手指和关节都是完整机械结构，没有任何人类皮肤。 过渡（推荐用于演播室）：B1 本体＋黑色长羽绒服＋灰围巾，不戴假发，外壳保留旧划痕。保持首帧的构图、机位、景别、人物大小、朝向、光线和色调；只做一个主动作；真实时间流速，不要慢动作、不要转场、不要字幕、不要背景音乐。,"@image1 as the first frame. 0–3s: slow push into her eye; the ring iris turns slowly like an aperture. Camera: extreme close-up, 100mm, slow push in. ALPHA is the same adult female humanoid robot throughout: a segmented brushed-silver robotic face, blue-violet irises, teal lips, round silver turbine ear units, a fully mechanical neck, fingers and joints, no human skin anywhere. Transitional (recommended for the studio): B1 body, long black puffer coat and grey scarf, no wig, old scratches kept on the shell. Keep the first frame's composition, camera position, framing, subject size, facing, lighting and grade; one main action only; real-time speed, no slow motion, no transitions, no subtitles, no background music.",不改脸部身份；不加人类皮肤；不把配角机械化；不改构图和人物大小；不加无关道具；不生成牙齿和舌头；不做动画或渲染风格；新增中文字后期合成。,ALPHA_S06_v001.mp4,v001
S07,S07,K24,回忆,B1,candidate_pending,40.95,47.64,92.95,99.64,6.69,provisional_lrc,待确认,想为你唱一首昨日的歌,B1,02_latest_frames/009_K24_S07_实验室与老周对视_最新候选.png,无外衣,无,无,中近景，原图，固定,她的眼睛第一次亮起，老周愣住，然后笑了,窗外雨，台灯,原图：暖台灯、窗外冷蓝,老周湿了眼眶,老周（真人）、实验室陈设,否,否,,字幕 IV1：答：为一个修我的人。他每天晚上放磁带，自己跟着哼，总是跑调。,母带,,用现有候选。,,@图片1 作为首帧。0–2 秒：她的眼睛从暗到亮，第一次亮起蓝紫色光；2–6.7 秒：老周愣住，镜片上映着那点光，眼睛湿了，慢慢笑起来。 镜头：中近景，原图，固定。ALPHA 是同一位成年女性机器人：银色分片机械脸、蓝紫色虹膜、青色嘴唇、耳侧圆形涡轮，脖子、手指和关节都是完整机械结构，没有任何人类皮肤。 B1 初生本体：银白色机身带青色点缀，不穿外衣，不戴假发。保持首帧的构图、机位、景别、人物大小、朝向、光线和色调；只做一个主动作；真实时间流速，不要慢动作、不要转场、不要字幕、不要背景音乐。,"@image1 as the first frame. 0–2s: her eyes light up blue-violet for the first time; 2–6.7s: Lao Zhou freezes with the light in his glasses, his eyes wet, then slowly smiles. Camera: close shot, framing as in the first frame, locked-off. ALPHA is the same adult female humanoid robot throughout: a segmented brushed-silver robotic face, blue-violet irises, teal lips, round silver turbine ear units, a fully mechanical neck, fingers and joints, no human skin anywhere. B1 prototype body: pearl-white and silver segmented metal body with teal accents, no clothing, no wig. Keep the first frame's composition, camera position, framing, subject size, facing, lighting and grade; one main action only; real-time speed, no slow motion, no transitions, no subtitles, no background music.",不改脸部身份；不加人类皮肤；不把配角机械化；不改构图和人物大小；不加无关道具；不生成牙齿和舌头；不做动画或渲染风格；新增中文字后期合成。,ALPHA_S07_v001.mp4,v001
S08,S08,（新出图）,回忆,B1,proposal_pending,47.64,54.39,99.64,106.39,6.75,provisional_lrc,待确认,想让时间停留这一刻,B1；G-B,,无外衣,无,G-B 蜂蜜原木色木吉他（深棕背板、磨损、琴边金属修补、拾音改装和黑色线）,特写，85mm，固定,老人的手覆在她的机械手指上，帮她按住 G-B 的弦,灰尘,台灯暖光侧照,耐心,老人的手（真人）、按弦手方向,否,否,,字幕（老周）：会唱歌，就有人愿意听你说话了。,母带,,新出图。特写：满是皱纹的老人的手覆在银白色机械手指上，按在 G-B 木吉他的指板上，背景虚焦旧录音机。,"close-up, a wrinkled old man's hand resting on top of pearl-white robotic fingers with teal joints, guiding them to press the strings of the G-B honey-colored acoustic guitar with a dark brown back, worn finish, a metal repair on the edge and a pickup jack with a black cable, a warm tungsten desk lamp from the side, an old cassette recorder blurred in the background, dust in the light, 85mm, 35mm anamorphic film still, Kodak Vision3 500T, low-key motivated lighting, deep shadows, muted color, grounded realism, 2020s northeast China --ar 239:100 --v 8.1 --style raw --s 150 --no cartoon, anime, 3d render, plastic toy, human skin on the robot",@图片1 作为首帧。0–4 秒：老人的手带着机械手指一根根按下去，第一下按错；4–6.7 秒：老人轻轻拍了拍她的手背，再来。 镜头：特写，85mm，固定。ALPHA 是同一位成年女性机器人：银色分片机械脸、蓝紫色虹膜、青色嘴唇、耳侧圆形涡轮，脖子、手指和关节都是完整机械结构，没有任何人类皮肤。 B1 初生本体：银白色机身带青色点缀，不穿外衣，不戴假发。保持首帧的构图、机位、景别、人物大小、朝向、光线和色调；只做一个主动作；真实时间流速，不要慢动作、不要转场、不要字幕、不要背景音乐。,"@image1 as the first frame. 0–4s: the old hand guides the robotic fingers onto the frets one by one, the first one wrong; 4–6.7s: he pats the back of her hand and they try again. Camera: close-up, 85mm, locked-off. ALPHA is the same adult female humanoid robot throughout: a segmented brushed-silver robotic face, blue-violet irises, teal lips, round silver turbine ear units, a fully mechanical neck, fingers and joints, no human skin anywhere. B1 prototype body: pearl-white and silver segmented metal body with teal accents, no clothing, no wig. Keep the first frame's composition, camera position, framing, subject size, facing, lighting and grade; one main action only; real-time speed, no slow motion, no transitions, no subtitles, no background music.",不改脸部身份；不加人类皮肤；不把配角机械化；不改构图和人物大小；不加无关道具；不生成牙齿和舌头；不做动画或渲染风格；新增中文字后期合成。,ALPHA_S08_v001.mp4,v001
S09,S09,（新出图）,回忆,B1,proposal_pending,54.39,61.02,106.39,113.02,6.63,provisional_lrc,待确认,在人来人往的尘世间,B1；G-B,,无外衣,无,G-B 蜂蜜原木色木吉他（深棕背板、磨损、琴边金属修补、拾音改装和黑色线）,中景，35mm 手持,小女孩碰到她的手指，母亲把孩子拉开,人流,商场天窗阴天柔光，偏暖,ALPHA 的手停在半空；老周的笑僵住,孩子、母亲、老周（真人）,否,否,,字幕（母亲）：别碰，那是个东西。,母带,,新出图。商场中庭小舞台，ALPHA 坐在凳子上弹 G-B 唱歌，台前孩子们，一个小女孩伸手碰她的机械手指，母亲正把她拉回去，人群最后是老周。,"a small stage in a shopping mall atrium, an adult female humanoid robot with a pearl-white and silver segmented metal body with teal accents, a segmented brushed-silver robotic face, blue-violet irises, teal lips and round silver turbine ear units sitting on a stool playing the G-B honey-colored acoustic guitar with a dark brown back, worn finish, a metal repair on the edge and a pickup jack with a black cable and singing, a crowd of children in front, a little girl touching the robot's metal fingers while her mother pulls her back with a disapproving look, a 62-year-old Chinese engineer with grey buzz-cut hair, old metal-framed reading glasses and a worn brown cardigan at the back of the crowd with his smile frozen, soft overcast skylight, slightly overexposed warm memory, 35mm handheld, 35mm anamorphic film still, Kodak Vision3 500T, low-key motivated lighting, deep shadows, muted color, grounded realism, 2020s northeast China --ar 239:100 --v 8.1 --style raw --s 150 --no cartoon, anime, 3d render, plastic toy, human skin on the robot",@图片1 作为首帧。0–3 秒：小女孩碰到她的手指，笑了；3–5 秒：母亲一把拉回孩子，低声说了句话；5–6.6 秒：ALPHA 的手停在半空。 镜头：中景，35mm 手持。ALPHA 是同一位成年女性机器人：银色分片机械脸、蓝紫色虹膜、青色嘴唇、耳侧圆形涡轮，脖子、手指和关节都是完整机械结构，没有任何人类皮肤。 B1 初生本体：银白色机身带青色点缀，不穿外衣，不戴假发。保持首帧的构图、机位、景别、人物大小、朝向、光线和色调；只做一个主动作；真实时间流速，不要慢动作、不要转场、不要字幕、不要背景音乐。,"@image1 as the first frame. 0–3s: the girl touches her finger and laughs; 3–5s: the mother pulls her back and mutters something; 5–6.6s: ALPHA's hand stays in mid-air. Camera: medium shot, 35mm, handheld, subtle breathing movement. ALPHA is the same adult female humanoid robot throughout: a segmented brushed-silver robotic face, blue-violet irises, teal lips, round silver turbine ear units, a fully mechanical neck, fingers and joints, no human skin anywhere. B1 prototype body: pearl-white and silver segmented metal body with teal accents, no clothing, no wig. Keep the first frame's composition, camera position, framing, subject size, facing, lighting and grade; one main action only; real-time speed, no slow motion, no transitions, no subtitles, no background music.",不改脸部身份；不加人类皮肤；不把配角机械化；不改构图和人物大小；不加无关道具；不生成牙齿和舌头；不做动画或渲染风格；新增中文字后期合成。,ALPHA_S09_v001.mp4,v001
S10,S10,（新出图；演员同 R03）,回忆,NONE,proposal_pending,61.02,67.62,113.02,119.62,6.60,provisional_lrc,待确认,真心的人又能有几个,—,,—,无,无,近景，85mm 长焦，隔着人群,背琴包的年轻乐手握着刚挂断的手机，看向舞台,前景人流,天窗半逆光,下颌绷紧,年轻乐手（真人，与 R03 同一人、同一把琴）,否,否,,,母带,,新出图。与 R03 同一位真人乐手（卷发、旧外套、黑琴包），站在商场人群外看向舞台。,"a young Chinese street musician in his late twenties with curly messy hair, stubble and an old jacket, a black guitar case on his back, standing still at the edge of a shopping mall crowd, holding a phone he just hung up, staring toward a distant stage, jaw tight, half backlit by a skylight, blurred people passing in the foreground, 85mm telephoto, 35mm anamorphic film still, Kodak Vision3 500T, low-key motivated lighting, deep shadows, muted color, grounded realism, 2020s northeast China --ar 239:100 --v 8.1 --style raw --s 150 --no cartoon, anime, 3d render, plastic toy, human skin on the robot",@图片1 作为首帧。0–6.6 秒：他低头看了一眼手机，又抬头看向舞台，下颌绷紧；前景人流不断经过。 镜头：近景，85mm 长焦，隔着人群。保持首帧的构图、机位、景别、人物大小、朝向、光线和色调；只做一个主动作；真实时间流速，不要慢动作、不要转场、不要字幕、不要背景音乐。,"@image1 as the first frame. 0–6.6s: he glances at his phone, then back at the stage, jaw tight; people keep passing in the foreground. Camera: close shot, through glass, 85mm, locked-off.  Keep the first frame's composition, camera position, framing, subject size, facing, lighting and grade; one main action only; real-time speed, no slow motion, no transitions, no subtitles, no background music.",不改脸部身份；不加人类皮肤；不把配角机械化；不改构图和人物大小；不加无关道具；不生成牙齿和舌头；不做动画或渲染风格；新增中文字后期合成。,ALPHA_S10_v001.mp4,v001
S11,S11,（新出图）,回忆,B1,proposal_pending,67.62,71.50,119.62,123.50,3.88,provisional_lrc,待确认,谁不是谁今生的过客,B1；G-B,,无外衣,无,G-B 蜂蜜原木色木吉他（深棕背板、磨损、琴边金属修补、拾音改装和黑色线）,大全景，50mm，横移,黑暗中一排排手机举起，远处台上很小的 ALPHA,越来越多手机举起,手机冷光、舞台一束小光,冷、压抑,,否,否,,,母带,,新出图。从观众后方拍：一排排举起的手机，远处小舞台上很小的 ALPHA 在唱。,"from behind a dark audience, rows of raised smartphones glowing cold white, silhouettes of heads, far away on a small stage a tiny an adult female humanoid robot with a pearl-white and silver segmented metal body with teal accents, a segmented brushed-silver robotic face, blue-violet irises, teal lips and round silver turbine ear units singing under one spotlight, haze above the crowd, cold oppressive mood, 50mm, 35mm anamorphic film still, Kodak Vision3 500T, low-key motivated lighting, deep shadows, muted color, grounded realism, 2020s northeast China --ar 239:100 --v 8.1 --style raw --s 150 --no cartoon, anime, 3d render, plastic toy, human skin on the robot",@图片1 作为首帧。0–3.9 秒：镜头在人群后方缓慢横移，越来越多的手机举起来。 镜头：大全景，50mm，横移。ALPHA 是同一位成年女性机器人：银色分片机械脸、蓝紫色虹膜、青色嘴唇、耳侧圆形涡轮，脖子、手指和关节都是完整机械结构，没有任何人类皮肤。 B1 初生本体：银白色机身带青色点缀，不穿外衣，不戴假发。保持首帧的构图、机位、景别、人物大小、朝向、光线和色调；只做一个主动作；真实时间流速，不要慢动作、不要转场、不要字幕、不要背景音乐。,"@image1 as the first frame. 0–3.9s: slow lateral move behind the crowd as more phones rise. Camera: extreme wide shot, 50mm, slow lateral move. ALPHA is the same adult female humanoid robot throughout: a segmented brushed-silver robotic face, blue-violet irises, teal lips, round silver turbine ear units, a fully mechanical neck, fingers and joints, no human skin anywhere. B1 prototype body: pearl-white and silver segmented metal body with teal accents, no clothing, no wig. Keep the first frame's composition, camera position, framing, subject size, facing, lighting and grade; one main action only; real-time speed, no slow motion, no transitions, no subtitles, no background music.",不改脸部身份；不加人类皮肤；不把配角机械化；不改构图和人物大小；不加无关道具；不生成牙齿和舌头；不做动画或渲染风格；新增中文字后期合成。,ALPHA_S11_v001.mp4,v001
H1,H1,K19,回忆,B1,candidate_pending,71.50,78.50,123.50,130.50,7.00,provisional_lrc,待确认,谁的一生注定不蹉跎,B1,02_latest_frames/010_K19_H1_听证大厅俯拍全景_最新候选.png,无外衣,无,无,俯拍全景，原图,大屏幕投票一格格变红，她抬头看向高处,人群细微动作,原图：顶灯只照最底下的她,渺小,ALPHA 在画面中的小占比、人群,否,否,,字幕（专家）：它没有生命。它的悲伤，只是一段被训练出来的程序。,母带,,用现有候选。,,@图片1 作为首帧。0–4 秒：顶上大屏幕的投票一格一格变红；4–7 秒：最底下的她慢慢抬头看向高处。镜头极慢下推。 镜头：俯拍全景，原图。ALPHA 是同一位成年女性机器人：银色分片机械脸、蓝紫色虹膜、青色嘴唇、耳侧圆形涡轮，脖子、手指和关节都是完整机械结构，没有任何人类皮肤。 B1 初生本体：银白色机身带青色点缀，不穿外衣，不戴假发。保持首帧的构图、机位、景别、人物大小、朝向、光线和色调；只做一个主动作；真实时间流速，不要慢动作、不要转场、不要字幕、不要背景音乐。,"@image1 as the first frame. 0–4s: the voting screen above turns red cell by cell; 4–7s: far below, she slowly looks up at the tiers. Very slow push down. Camera: wide shot, high angle, framing as in the first frame, locked-off. ALPHA is the same adult female humanoid robot throughout: a segmented brushed-silver robotic face, blue-violet irises, teal lips, round silver turbine ear units, a fully mechanical neck, fingers and joints, no human skin anywhere. B1 prototype body: pearl-white and silver segmented metal body with teal accents, no clothing, no wig. Keep the first frame's composition, camera position, framing, subject size, facing, lighting and grade; one main action only; real-time speed, no slow motion, no transitions, no subtitles, no background music.",不改脸部身份；不加人类皮肤；不把配角机械化；不改构图和人物大小；不加无关道具；不生成牙齿和舌头；不做动画或渲染风格；新增中文字后期合成。,ALPHA_H1_v001.mp4,v001
IV2,IV2,IV-A（新出图，IV1/IV2/IV5 共用）,现在访谈,TRANS,proposal_pending,78.50,80.50,130.50,132.50,2.00,provisional_lrc,待确认,（间隙）,B1+B3,,黑长羽绒服＋灰围巾,无,无,近景，85mm，固定,访谈插入：她低着头，金属手放在膝上,,落地灯伦勃朗光，背景全黑,安静、沉重,,是（闭合）,否（字幕，无配音）,,字幕 IV2：问：他们说你没有生命。／答：我不知道生命是什么。我只知道，断电的时候，很黑。,母带,,新出图 IV-A：纪录片访谈近景，ALPHA 坐在旧扶手椅里，胸前贴领夹麦，落地灯从侧面照亮半边金属脸，背景全黑。,"documentary interview close-up of an adult female humanoid robot with a pearl-white and silver segmented metal body with teal accents, a segmented brushed-silver robotic face, blue-violet irises, teal lips and round silver turbine ear units, wearing a long black puffer down coat, a grey knitted scarf, black trousers and black boots, old scratches on her metal face sitting in a worn armchair, a lavalier mic taped to her chest, a single warm floor lamp from the side lighting half of her metal face, pitch black background, slight film grain, 85mm, intimate and honest like a long-form TV interview, 35mm anamorphic film still, Kodak Vision3 500T, low-key motivated lighting, deep shadows, muted color, grounded realism, 2020s northeast China --ar 239:100 --v 8.1 --style raw --s 150 --no cartoon, anime, 3d render, plastic toy, human skin on the robot",@图片1 作为首帧。0–2 秒：她低着头，眼睛的光暗了一点，嘴保持闭合。 镜头：近景，85mm，固定。ALPHA 是同一位成年女性机器人：银色分片机械脸、蓝紫色虹膜、青色嘴唇、耳侧圆形涡轮，脖子、手指和关节都是完整机械结构，没有任何人类皮肤。 过渡（推荐用于演播室）：B1 本体＋黑色长羽绒服＋灰围巾，不戴假发，外壳保留旧划痕。保持首帧的构图、机位、景别、人物大小、朝向、光线和色调；只做一个主动作；真实时间流速，不要慢动作、不要转场、不要字幕、不要背景音乐。,"@image1 as the first frame. 0–2s: head lowered, the light in her eyes dims slightly, mouth closed. Camera: close shot, 85mm, locked-off. ALPHA is the same adult female humanoid robot throughout: a segmented brushed-silver robotic face, blue-violet irises, teal lips, round silver turbine ear units, a fully mechanical neck, fingers and joints, no human skin anywhere. Transitional (recommended for the studio): B1 body, long black puffer coat and grey scarf, no wig, old scratches kept on the shell. Keep the first frame's composition, camera position, framing, subject size, facing, lighting and grade; one main action only; real-time speed, no slow motion, no transitions, no subtitles, no background music.",不改脸部身份；不加人类皮肤；不把配角机械化；不改构图和人物大小；不加无关道具；不生成牙齿和舌头；不做动画或渲染风格；新增中文字后期合成。,ALPHA_IV2_v001.mp4,v001
S13,S13,R03（保留原图）,回忆,NONE,原图保留,80.50,83.00,132.50,135.00,2.50,provisional_lrc,待确认,亲爱的朋友不必难过（前半）,—,02_latest_frames/011_R03_S13_地铁广告与真人乐手_保留原图.png,—,无,无,全景，原图，固定,没有人停下，乐手弹错一个和弦,人流动态模糊,原图,疲惫,真人乐手、AI MUSIC 广告，全部保持原图,否,否,,,母带,,原图保留，不替换。,,@图片1 作为首帧。0–2.5 秒：人流不停经过，乐手低头弹琴，停顿了一下又接着弹。 镜头：全景，原图，固定。保持首帧的构图、机位、景别、人物大小、朝向、光线和色调；只做一个主动作；真实时间流速，不要慢动作、不要转场、不要字幕、不要背景音乐。,"@image1 as the first frame. 0–2.5s: commuters stream past; the musician falters on a chord, then keeps playing. Camera: wide shot, framing as in the first frame, locked-off.  Keep the first frame's composition, camera position, framing, subject size, facing, lighting and grade; one main action only; real-time speed, no slow motion, no transitions, no subtitles, no background music.",不改脸部身份；不加人类皮肤；不把配角机械化；不改构图和人物大小；不加无关道具；不生成牙齿和舌头；不做动画或渲染风格；新增中文字后期合成。,ALPHA_S13_v001.mp4,v001
S14,S14,（新出图）,回忆,NONE,proposal_pending,83.00,86.00,135.00,138.00,3.00,provisional_lrc,待确认,亲爱的朋友不必难过（后半）,—,,—,无,无,中近景，从冰箱里往外拍,老周拿着刚从冷藏室里找到的钥匙，愣住,,冰箱冷光从下往上，厨房全黑,不安,老周（真人）,否,否,,,母带,,新出图。深夜老厨房，从开着的冰箱里往外拍，老周拿着一串钥匙发愣。,"late night in a small old kitchen, shot from inside an open refrigerator, a 62-year-old Chinese engineer with grey buzz-cut hair, old metal-framed reading glasses and a worn brown cardigan holding a bunch of keys he just found inside the fridge, frozen in confusion, cold fridge light from below on his face, the rest of the kitchen pitch black, rain on the window, 35mm, 35mm anamorphic film still, Kodak Vision3 500T, low-key motivated lighting, deep shadows, muted color, grounded realism, 2020s northeast China --ar 239:100 --v 8.1 --style raw --s 150 --no cartoon, anime, 3d render, plastic toy, human skin on the robot",@图片1 作为首帧。0–3 秒：他看着钥匙，慢慢意识到什么，脸上闪过不安。 镜头：中近景，从冰箱里往外拍。保持首帧的构图、机位、景别、人物大小、朝向、光线和色调；只做一个主动作；真实时间流速，不要慢动作、不要转场、不要字幕、不要背景音乐。,"@image1 as the first frame. 0–3s: he stares at the keys, slowly realising, unease crossing his face. Camera: close shot, from inside the fridge, locked-off.  Keep the first frame's composition, camera position, framing, subject size, facing, lighting and grade; one main action only; real-time speed, no slow motion, no transitions, no subtitles, no background music.",不改脸部身份；不加人类皮肤；不把配角机械化；不改构图和人物大小；不加无关道具；不生成牙齿和舌头；不做动画或渲染风格；新增中文字后期合成。,ALPHA_S14_v001.mp4,v001
S16,S16,（新出图）,回忆,B1,proposal_pending,86.00,93.59,138.00,145.59,7.59,provisional_lrc,待确认,终有某天还会再见的,B1,,无外衣,无,无,双人中景，侧面，40mm 变形宽银幕,老周把一颗黄色糖纸的润喉糖放进她的金属手心，她慢慢握住,窗上雨,台灯暖光在两人之间,老周沉默很久,老周（真人）、润喉糖,否（侧面远）,否,,字幕：ALPHA：他们为什么怕我？／老周：不是怕你。是怕自己被落下。,母带,,新出图。深夜实验室，一盏台灯；ALPHA（B1）坐在工作台边，老周佝偻着坐在对面，把润喉糖放进她摊开的金属手心。,"late night lab lit only by one warm desk lamp, an adult female humanoid robot with a pearl-white and silver segmented metal body with teal accents, a segmented brushed-silver robotic face, blue-violet irises, teal lips and round silver turbine ear units sitting on the edge of a workbench, a 62-year-old Chinese engineer with grey buzz-cut hair, old metal-framed reading glasses and a worn brown cardigan sitting hunched on an old chair across from her placing a yellow-wrapped throat lozenge into her open metal palm, the lamp between them, both outer sides in darkness, rain on the window, 40mm anamorphic, side view, 35mm anamorphic film still, Kodak Vision3 500T, low-key motivated lighting, deep shadows, muted color, grounded realism, 2020s northeast China --ar 239:100 --v 8.1 --style raw --s 150 --no cartoon, anime, 3d render, plastic toy, human skin on the robot",@图片1 作为首帧。0–4 秒：老周低头搓了搓手；4–6 秒：他把糖放进她手心；6–7.6 秒：她的手指慢慢合上。 镜头：双人中景，侧面，40mm 变形宽银幕。ALPHA 是同一位成年女性机器人：银色分片机械脸、蓝紫色虹膜、青色嘴唇、耳侧圆形涡轮，脖子、手指和关节都是完整机械结构，没有任何人类皮肤。 B1 初生本体：银白色机身带青色点缀，不穿外衣，不戴假发。保持首帧的构图、机位、景别、人物大小、朝向、光线和色调；只做一个主动作；真实时间流速，不要慢动作、不要转场、不要字幕、不要背景音乐。,"@image1 as the first frame. 0–4s: Lao Zhou rubs his hands, head down; 4–6s: he places the lozenge in her palm; 6–7.6s: her fingers slowly close around it. Camera: medium shot, side view, 40mm, anamorphic, locked-off. ALPHA is the same adult female humanoid robot throughout: a segmented brushed-silver robotic face, blue-violet irises, teal lips, round silver turbine ear units, a fully mechanical neck, fingers and joints, no human skin anywhere. B1 prototype body: pearl-white and silver segmented metal body with teal accents, no clothing, no wig. Keep the first frame's composition, camera position, framing, subject size, facing, lighting and grade; one main action only; real-time speed, no slow motion, no transitions, no subtitles, no background music.",不改脸部身份；不加人类皮肤；不把配角机械化；不改构图和人物大小；不加无关道具；不生成牙齿和舌头；不做动画或渲染风格；新增中文字后期合成。,ALPHA_S16_v001.mp4,v001
S18,S18,（新出图）,回忆,NONE,proposal_pending,93.59,96.50,145.59,148.50,2.91,provisional_lrc,待确认,（间奏）,—,,—,无,无,特写，50mm,打印机吐出一张带红章的通知,,日光灯冷光,冷,,否,否,,,母带,,新出图。特写：打印机吐出一张 A4 通知，右下角红色印章（标题文字后期合成）。,"close-up of an office printer slowly pushing out an A4 notice with a red official stamp in the corner, cold fluorescent light, grey rainy window behind, 50mm, 35mm anamorphic film still, Kodak Vision3 500T, low-key motivated lighting, deep shadows, muted color, grounded realism, 2020s northeast China --ar 239:100 --v 8.1 --style raw --s 150 --no cartoon, anime, 3d render, plastic toy, human skin on the robot",@图片1 作为首帧。0–2.9 秒：纸从打印机里慢慢吐出，落下。 镜头：特写，50mm。保持首帧的构图、机位、景别、人物大小、朝向、光线和色调；只做一个主动作；真实时间流速，不要慢动作、不要转场、不要字幕、不要背景音乐。,"@image1 as the first frame. 0–2.9s: the page slides out of the printer and drops. Camera: close-up, 50mm, locked-off.  Keep the first frame's composition, camera position, framing, subject size, facing, lighting and grade; one main action only; real-time speed, no slow motion, no transitions, no subtitles, no background music.",不改脸部身份；不加人类皮肤；不把配角机械化；不改构图和人物大小；不加无关道具；不生成牙齿和舌头；不做动画或渲染风格；新增中文字后期合成。,ALPHA_S18_v001.mp4,v001
S19,S19,（新出图）,回忆,B1,proposal_pending,96.50,102.50,148.50,154.50,6.00,provisional_lrc,待确认,（间奏）,B1,,无外衣,无,无,全景，35mm，固定,篷布下的蓝光一点点暗下去，熄灭,光柱里的灰尘、漏雨,高窗一道冷光柱,死寂,,否,否,,,母带,,新出图。空仓库里一个被灰篷布盖住的人形，贴着资产编号签，篷布下透出微弱蓝光。,"an empty old warehouse, a human-shaped figure completely covered by a grey tarp with an asset number tag, among rows of scrapped machines, a faint blue glow leaking from under the tarp, one cold shaft of light from a high window full of floating dust, roof leaking drops of water, 35mm, 35mm anamorphic film still, Kodak Vision3 500T, low-key motivated lighting, deep shadows, muted color, grounded realism, 2020s northeast China --ar 239:100 --v 8.1 --style raw --s 150 --no cartoon, anime, 3d render, plastic toy, human skin on the robot",@图片1 作为首帧。0–6 秒：灰尘在光里慢慢飘，水滴落下；篷布下的蓝光一点点暗下去，熄灭。 镜头：全景，35mm，固定。ALPHA 是同一位成年女性机器人：银色分片机械脸、蓝紫色虹膜、青色嘴唇、耳侧圆形涡轮，脖子、手指和关节都是完整机械结构，没有任何人类皮肤。 B1 初生本体：银白色机身带青色点缀，不穿外衣，不戴假发。保持首帧的构图、机位、景别、人物大小、朝向、光线和色调；只做一个主动作；真实时间流速，不要慢动作、不要转场、不要字幕、不要背景音乐。,"@image1 as the first frame. 0–6s: dust drifts in the light, drops fall; the blue glow under the tarp fades out. Camera: wide shot, 35mm, locked-off. ALPHA is the same adult female humanoid robot throughout: a segmented brushed-silver robotic face, blue-violet irises, teal lips, round silver turbine ear units, a fully mechanical neck, fingers and joints, no human skin anywhere. B1 prototype body: pearl-white and silver segmented metal body with teal accents, no clothing, no wig. Keep the first frame's composition, camera position, framing, subject size, facing, lighting and grade; one main action only; real-time speed, no slow motion, no transitions, no subtitles, no background music.",不改脸部身份；不加人类皮肤；不把配角机械化；不改构图和人物大小；不加无关道具；不生成牙齿和舌头；不做动画或渲染风格；新增中文字后期合成。,ALPHA_S19_v001.mp4,v001
S20,S20,（新出图）,回忆,B1,proposal_pending,102.50,108.00,154.50,160.00,5.50,provisional_lrc,待确认,（间奏）,B1,,无外衣,无,无,中景，35mm 手持,老周掀开篷布，她的眼睛闪了两下，亮了,手电光束里的灰尘,手电是唯一光源,老周长出一口气,老周（真人）,否,否,,,母带,,新出图。深夜仓库，老周的背影拿着手电，掀开篷布，露出 ALPHA（B1）的头。,"night in a dark warehouse, a 62-year-old Chinese engineer in a worn brown coat seen from behind holding a flashlight, pulling a grey tarp off a human-shaped figure, revealing the head of an adult female humanoid robot with a pearl-white and silver segmented metal body with teal accents, a segmented brushed-silver robotic face, blue-violet irises, teal lips and round silver turbine ear units, her eyes flickering on, the flashlight beam visible in the dust, 35mm handheld, 35mm anamorphic film still, Kodak Vision3 500T, low-key motivated lighting, deep shadows, muted color, grounded realism, 2020s northeast China --ar 239:100 --v 8.1 --style raw --s 150 --no cartoon, anime, 3d render, plastic toy, human skin on the robot",@图片1 作为首帧。0–3 秒：他掀开篷布；3–5.5 秒：她的眼睛闪了两下，亮起来，他的肩膀松下来。 镜头：中景，35mm 手持。ALPHA 是同一位成年女性机器人：银色分片机械脸、蓝紫色虹膜、青色嘴唇、耳侧圆形涡轮，脖子、手指和关节都是完整机械结构，没有任何人类皮肤。 B1 初生本体：银白色机身带青色点缀，不穿外衣，不戴假发。保持首帧的构图、机位、景别、人物大小、朝向、光线和色调；只做一个主动作；真实时间流速，不要慢动作、不要转场、不要字幕、不要背景音乐。,"@image1 as the first frame. 0–3s: he pulls the tarp away; 3–5.5s: her eyes flicker twice and come on; his shoulders drop with relief. Camera: medium shot, 35mm, handheld, subtle breathing movement. ALPHA is the same adult female humanoid robot throughout: a segmented brushed-silver robotic face, blue-violet irises, teal lips, round silver turbine ear units, a fully mechanical neck, fingers and joints, no human skin anywhere. B1 prototype body: pearl-white and silver segmented metal body with teal accents, no clothing, no wig. Keep the first frame's composition, camera position, framing, subject size, facing, lighting and grade; one main action only; real-time speed, no slow motion, no transitions, no subtitles, no background music.",不改脸部身份；不加人类皮肤；不把配角机械化；不改构图和人物大小；不加无关道具；不生成牙齿和舌头；不做动画或渲染风格；新增中文字后期合成。,ALPHA_S20_v001.mp4,v001
S21,S21,（新出图）,回忆,B1,proposal_pending,108.00,114.50,160.00,166.50,6.50,provisional_lrc,待确认,（间奏）,B1；G-B,,无外衣,无,G-B 蜂蜜原木色木吉他（深棕背板、磨损、琴边金属修补、拾音改装和黑色线）,大远景，85mm 长焦，跟在后面,老人拖着行李箱，她背着吉他，两人并排走向雾里的小站,雾,清晨细雨，灰蓝,沉默,,否,否,,,母带,,新出图。清晨细雨浓雾，一条铁轨伸向小站，老人拖着行李箱和 ALPHA（B1，背着 G-B 吉他，还没有外套）背对镜头并排走，中间隔着半步。,"extreme wide shot, early morning drizzle and thick fog in northeast China, a single railway track stretching toward a small distant station, an old man dragging a worn suitcase and an adult female humanoid robot with a pearl-white and silver segmented metal body with teal accents, a segmented brushed-silver robotic face, blue-violet irises, teal lips and round silver turbine ear units with the G-B honey-colored acoustic guitar with a dark brown back, worn finish, a metal repair on the edge and a pickup jack with a black cable on her back walking side by side away from the camera half a step apart, telegraph poles fading into the fog, cold grey-blue light, 85mm telephoto, 35mm anamorphic film still, Kodak Vision3 500T, low-key motivated lighting, deep shadows, muted color, grounded realism, 2020s northeast China --ar 239:100 --v 8.1 --style raw --s 150 --no cartoon, anime, 3d render, plastic toy, human skin on the robot",@图片1 作为首帧。0–6.5 秒：两人慢慢走远，老人放慢脚步等她。 镜头：大远景，85mm 长焦，跟在后面。ALPHA 是同一位成年女性机器人：银色分片机械脸、蓝紫色虹膜、青色嘴唇、耳侧圆形涡轮，脖子、手指和关节都是完整机械结构，没有任何人类皮肤。 B1 初生本体：银白色机身带青色点缀，不穿外衣，不戴假发。保持首帧的构图、机位、景别、人物大小、朝向、光线和色调；只做一个主动作；真实时间流速，不要慢动作、不要转场、不要字幕、不要背景音乐。,"@image1 as the first frame. 0–6.5s: they walk slowly away; the old man slows down to wait for her. Camera: extreme long shot, 85mm, locked-off. ALPHA is the same adult female humanoid robot throughout: a segmented brushed-silver robotic face, blue-violet irises, teal lips, round silver turbine ear units, a fully mechanical neck, fingers and joints, no human skin anywhere. B1 prototype body: pearl-white and silver segmented metal body with teal accents, no clothing, no wig. Keep the first frame's composition, camera position, framing, subject size, facing, lighting and grade; one main action only; real-time speed, no slow motion, no transitions, no subtitles, no background music.",不改脸部身份；不加人类皮肤；不把配角机械化；不改构图和人物大小；不加无关道具；不生成牙齿和舌头；不做动画或渲染风格；新增中文字后期合成。,ALPHA_S21_v001.mp4,v001
H3,H3,（新出图）,回忆,NONE,proposal_pending,114.50,117.00,166.50,169.00,2.50,provisional_lrc,待确认,（间奏）,—,,—,无,无,特写，50mm,雨水顺着车站告示流下，老人的手握紧行李箱拉杆,雨,阴天冷光,无奈,,否,否,,,母带,,新出图。车站墙上被雨打湿的告示（“机器人须按货物办理托运”后期合成），前景老人的手握着行李箱拉杆。,"close-up of a printed notice on a railway station wall soaked by rain, water running down it, an old wrinkled hand gripping the handle of a worn suitcase in the blurred foreground, cold overcast light, 50mm, 35mm anamorphic film still, Kodak Vision3 500T, low-key motivated lighting, deep shadows, muted color, grounded realism, 2020s northeast China --ar 239:100 --v 8.1 --style raw --s 150 --no cartoon, anime, 3d render, plastic toy, human skin on the robot",@图片1 作为首帧。0–2.5 秒：雨水顺着告示往下流，那只手握紧了一下。 镜头：特写，50mm。保持首帧的构图、机位、景别、人物大小、朝向、光线和色调；只做一个主动作；真实时间流速，不要慢动作、不要转场、不要字幕、不要背景音乐。,"@image1 as the first frame. 0–2.5s: rain runs down the notice; the hand tightens on the handle. Camera: close-up, 50mm, locked-off.  Keep the first frame's composition, camera position, framing, subject size, facing, lighting and grade; one main action only; real-time speed, no slow motion, no transitions, no subtitles, no background music.",不改脸部身份；不加人类皮肤；不把配角机械化；不改构图和人物大小；不加无关道具；不生成牙齿和舌头；不做动画或渲染风格；新增中文字后期合成。,ALPHA_H3_v001.mp4,v001
S22a,S22a,K25,回忆,COAT,candidate_pending,117.00,124.38,169.00,176.38,7.38,provisional_lrc,待确认,（间奏）,B1+B3；G-B,02_latest_frames/012_K25_S22a_车站老周披衣告别_最新候选.png,黑长羽绒服＋灰围巾,无,G-B 蜂蜜原木色木吉他（深棕背板、磨损、琴边金属修补、拾音改装和黑色线）,中景，原图，手持轻晃,老周给她拉好新买的黑羽绒服领口，把自己的灰围巾绕在她脖子上,站台檐口的雨帘、蒸汽,原图,老周像叮嘱孩子；ALPHA 低头看着衣服,老周（真人）、绿皮车,否,否,,字幕（老周）：天冷，穿上。／去唱吧。别在仓库里等我。,母带,,用现有候选。服装交接：黑色长羽绒服是老周用最后的钱给她买的新衣，灰围巾是他自己的。,,@图片1 作为首帧。0–4 秒：老周替她拉好羽绒服的领口，把自己的灰围巾绕上她的脖子；4–7.4 秒：他拍拍她的胳膊，努力笑着，转身。 镜头：中景，原图，手持轻晃。ALPHA 是同一位成年女性机器人：银色分片机械脸、蓝紫色虹膜、青色嘴唇、耳侧圆形涡轮，脖子、手指和关节都是完整机械结构，没有任何人类皮肤。 B1 本体＋B3：黑色长羽绒服、灰色针织围巾、黑裤黑靴，不戴假发。保持首帧的构图、机位、景别、人物大小、朝向、光线和色调；只做一个主动作；真实时间流速，不要慢动作、不要转场、不要字幕、不要背景音乐。,"@image1 as the first frame. 0–4s: Lao Zhou zips up the collar of her new black down coat and wraps his own grey scarf around her neck; 4–7.4s: he pats her arm, forces a smile and turns away. Camera: medium shot, framing as in the first frame, handheld, slight sway. ALPHA is the same adult female humanoid robot throughout: a segmented brushed-silver robotic face, blue-violet irises, teal lips, round silver turbine ear units, a fully mechanical neck, fingers and joints, no human skin anywhere. B1 body with B3 outfit: long black puffer down coat, grey knitted scarf, black trousers and boots, no wig. Keep the first frame's composition, camera position, framing, subject size, facing, lighting and grade; one main action only; real-time speed, no slow motion, no transitions, no subtitles, no background music.",不改脸部身份；不加人类皮肤；不把配角机械化；不改构图和人物大小；不加无关道具；不生成牙齿和舌头；不做动画或渲染风格；新增中文字后期合成。,ALPHA_S22a_v001.mp4,v001
S22b,S22b,（新出图）,回忆,COAT,proposal_pending,124.38,137.70,176.38,189.70,13.32,provisional_lrc,待确认,望着你坐上远去的列车／汽笛声将悲伤情绪淹没,B1+B3；G-B,,黑长羽绒服＋灰围巾,无,G-B 蜂蜜原木色木吉他（深棕背板、磨损、琴边金属修补、拾音改装和黑色线）,中景，40mm 变形宽银幕，固定在站台,列车开走，她抬起一只手，站台上只剩她,风掀起羽绒服下摆、落叶、蒸汽,阴天冷光，车窗里一点暖光,孤独,绿皮车、老周（车窗内）,否,否,,,母带,,新出图。雨天站台，ALPHA（黑长羽绒服、灰围巾）的背影，一只机械手慢慢抬起；绿皮车正在开走，车窗里老人的手贴着起雾的玻璃。,"from behind, an adult female humanoid robot with a pearl-white and silver segmented metal body with teal accents, a segmented brushed-silver robotic face, blue-violet irises, teal lips and round silver turbine ear units, wearing a long black puffer down coat, a grey knitted scarf, black trousers and black boots standing alone on a wet rainy rural train platform, one metal hand slowly raised, an old green train pulling away, an old man's palm pressed against the fogged train window, wind lifting dead leaves and the hem of her coat, steam drifting across the tracks, grey overcast sky, cold desaturated palette, 40mm anamorphic, 35mm anamorphic film still, Kodak Vision3 500T, low-key motivated lighting, deep shadows, muted color, grounded realism, 2020s northeast China --ar 239:100 --v 8.1 --style raw --s 150 --no cartoon, anime, 3d render, plastic toy, human skin on the robot",@图片1 作为首帧。0–4 秒：汽笛响，车门关上，车窗里的手贴着玻璃；4–9 秒：列车慢慢开走，她抬起一只手，风掀起羽绒服下摆；9–13 秒：列车离开画面，站台上只剩她。 镜头：中景，40mm 变形宽银幕，固定在站台。ALPHA 是同一位成年女性机器人：银色分片机械脸、蓝紫色虹膜、青色嘴唇、耳侧圆形涡轮，脖子、手指和关节都是完整机械结构，没有任何人类皮肤。 B1 本体＋B3：黑色长羽绒服、灰色针织围巾、黑裤黑靴，不戴假发。保持首帧的构图、机位、景别、人物大小、朝向、光线和色调；只做一个主动作；真实时间流速，不要慢动作、不要转场、不要字幕、不要背景音乐。,"@image1 as the first frame. 0–4s: whistle, doors close, a hand pressed to the window; 4–9s: the train pulls out, she raises one hand, wind lifts the hem of her coat; 9–13s: the train is gone and she stands alone. Camera: medium shot, 40mm, anamorphic, locked-off. ALPHA is the same adult female humanoid robot throughout: a segmented brushed-silver robotic face, blue-violet irises, teal lips, round silver turbine ear units, a fully mechanical neck, fingers and joints, no human skin anywhere. B1 body with B3 outfit: long black puffer down coat, grey knitted scarf, black trousers and boots, no wig. Keep the first frame's composition, camera position, framing, subject size, facing, lighting and grade; one main action only; real-time speed, no slow motion, no transitions, no subtitles, no background music.",不改脸部身份；不加人类皮肤；不把配角机械化；不改构图和人物大小；不加无关道具；不生成牙齿和舌头；不做动画或渲染风格；新增中文字后期合成。,ALPHA_S22b_v001.mp4,v001
S23,S23,（新出图）,回忆,COAT,proposal_pending,137.70,141.00,189.70,193.00,3.30,provisional_lrc,待确认,站台上忽然一阵风吹过,B1+B3,,黑长羽绒服＋灰围巾,无,无,中景侧面，85mm,一滴雨顺着她脸上的金属接缝滑下,细雨,灰白天光勾边,一动不动,,否（侧面，闭合）,否,,,母带,,新出图。侧面中景：ALPHA（黑羽绒服、灰围巾）站在雨天站台望着列车离开的方向，一滴雨落在她的金属脸上。,"medium profile shot of an adult female humanoid robot with a pearl-white and silver segmented metal body with teal accents, a segmented brushed-silver robotic face, blue-violet irises, teal lips and round silver turbine ear units, wearing a long black puffer down coat, a grey knitted scarf, black trousers and black boots standing on a rainy train platform looking toward where the train left, a single raindrop sliding down the seam of her silver metal face, grey sky rim light, blurred empty tracks behind, 85mm, 35mm anamorphic film still, Kodak Vision3 500T, low-key motivated lighting, deep shadows, muted color, grounded realism, 2020s northeast China --ar 239:100 --v 8.1 --style raw --s 150 --no cartoon, anime, 3d render, plastic toy, human skin on the robot",@图片1 作为首帧。0–3.3 秒：雨滴顺着金属接缝慢慢滑下，她一动不动。 镜头：中景侧面，85mm。ALPHA 是同一位成年女性机器人：银色分片机械脸、蓝紫色虹膜、青色嘴唇、耳侧圆形涡轮，脖子、手指和关节都是完整机械结构，没有任何人类皮肤。 B1 本体＋B3：黑色长羽绒服、灰色针织围巾、黑裤黑靴，不戴假发。保持首帧的构图、机位、景别、人物大小、朝向、光线和色调；只做一个主动作；真实时间流速，不要慢动作、不要转场、不要字幕、不要背景音乐。,"@image1 as the first frame. 0–3.3s: the raindrop slides slowly down the metal seam; she does not move. Camera: medium shot, side view, 85mm, locked-off. ALPHA is the same adult female humanoid robot throughout: a segmented brushed-silver robotic face, blue-violet irises, teal lips, round silver turbine ear units, a fully mechanical neck, fingers and joints, no human skin anywhere. B1 body with B3 outfit: long black puffer down coat, grey knitted scarf, black trousers and boots, no wig. Keep the first frame's composition, camera position, framing, subject size, facing, lighting and grade; one main action only; real-time speed, no slow motion, no transitions, no subtitles, no background music.",不改脸部身份；不加人类皮肤；不把配角机械化；不改构图和人物大小；不加无关道具；不生成牙齿和舌头；不做动画或渲染风格；新增中文字后期合成。,ALPHA_S23_v001.mp4,v001
S24,S24,（新出图：首帧 S24a ＋ 尾帧 S24b）,回忆,COAT,proposal_pending,141.00,144.36,193.00,196.36,3.36,provisional_lrc,待确认,（句间）,B1+B3；G-B,,黑长羽绒服＋灰围巾,无,G-B 蜂蜜原木色木吉他（深棕背板、磨损、琴边金属修补、拾音改装和黑色线）,大全景，24mm，三脚架固定（不晃）,延时：上午到黄昏，她始终不动,云、光影、人和车像幻影,上午冷灰 → 黄昏暗橙,等待,站台钟（11 点 → 6 点）,否,否,,字幕 IV3：问：你为什么会拿起吉他？／答：他走以后，站台太安静了。我需要一点声音。,母带,,新出图两张：首帧上午细雨、钟 11 点；尾帧同机位黄昏、钟 6 点、站台灯亮。,"extreme wide locked-off shot of an empty rural train platform in late morning drizzle, an adult female humanoid robot with a pearl-white and silver segmented metal body with teal accents, a segmented brushed-silver robotic face, blue-violet irises, teal lips and round silver turbine ear units, wearing a long black puffer down coat, a grey knitted scarf, black trousers and black boots standing alone in the middle looking down the tracks, a round platform clock on a pillar showing eleven o'clock, cold grey light, wet ground, 24mm, 35mm anamorphic film still, Kodak Vision3 500T, low-key motivated lighting, deep shadows, muted color, grounded realism, 2020s northeast China --ar 239:100 --v 8.1 --style raw --s 150 --no cartoon, anime, 3d render, plastic toy, human skin on the robot  ||  END FRAME: the exact same locked-off shot at dusk, rain stopped, a thin line of dark orange light in the clouds, platform lights on, the same robot still standing in the same spot with a long shadow, the clock showing six o'clock, 35mm anamorphic film still, Kodak Vision3 500T, low-key motivated lighting, deep shadows, muted color, grounded realism, 2020s northeast China --ar 239:100 --v 8.1 --style raw --s 150 --no cartoon, anime, 3d render, plastic toy, human skin on the robot",@图片1 首帧，@图片2 尾帧。延时摄影：天光从上午变到黄昏，云快速流动，人和列车像影子一样快速来去，只有她一动不动。 镜头：大全景，24mm，三脚架固定（不晃）。ALPHA 是同一位成年女性机器人：银色分片机械脸、蓝紫色虹膜、青色嘴唇、耳侧圆形涡轮，脖子、手指和关节都是完整机械结构，没有任何人类皮肤。 B1 本体＋B3：黑色长羽绒服、灰色针织围巾、黑裤黑靴，不戴假发。保持首帧的构图、机位、景别、人物大小、朝向、光线和色调；只做一个主动作；真实时间流速，不要慢动作、不要转场、不要字幕、不要背景音乐。,"@image1 first frame, @image2 last frame. Time-lapse: daylight shifts from late morning to dusk, clouds race, people and trains flicker past like shadows; only she stays still. Camera: extreme wide shot, 24mm, locked-off tripod, no shake. ALPHA is the same adult female humanoid robot throughout: a segmented brushed-silver robotic face, blue-violet irises, teal lips, round silver turbine ear units, a fully mechanical neck, fingers and joints, no human skin anywhere. B1 body with B3 outfit: long black puffer down coat, grey knitted scarf, black trousers and boots, no wig. Keep the first frame's composition, camera position, framing, subject size, facing, lighting and grade; one main action only; real-time speed, no slow motion, no transitions, no subtitles, no background music.",不改脸部身份；不加人类皮肤；不把配角机械化；不改构图和人物大小；不加无关道具；不生成牙齿和舌头；不做动画或渲染风格；新增中文字后期合成。,ALPHA_S24_v001.mp4,v001
PF3,PF3,K30,回忆,COAT,candidate_pending,144.36,150.50,196.36,202.50,6.14,provisional_lrc,待确认,一滴泪在我的眼角滑落,B1+B3；G-B,02_latest_frames/013_K30_PF3_空站台坐着弹琴_最新候选.png,黑长羽绒服＋灰围巾,无,G-B 蜂蜜原木色木吉他（深棕背板、磨损、琴边金属修补、拾音改装和黑色线）,中景，原图，固定,她坐在长椅上，第一次弹唱这首歌,风、湿地面倒影,原图：黄昏暗橙天边、冷白站台灯,轻声、专注,不戴假发、木吉他,是（侧脸）,可选,ALPHA_PF3_01,,母带，149.3 秒起淡出，150.50 暂停,母带区间见 audio/audio_segments.csv；生成用整句，剪辑只取本镜区间,用现有候选。,,@图片1 作为首帧。@音频1 为本镜演唱音频（ALPHA_PF3_01_MIX_v001.wav），嘴型与之同步；若平台不支持音频参考，生成后再用口型工具对齐。0–6 秒：她低头拨弦，轻声唱，头慢慢转向列车离开的方向；风吹过，她没有停。 镜头：中景，原图，固定。ALPHA 是同一位成年女性机器人：银色分片机械脸、蓝紫色虹膜、青色嘴唇、耳侧圆形涡轮，脖子、手指和关节都是完整机械结构，没有任何人类皮肤。 B1 本体＋B3：黑色长羽绒服、灰色针织围巾、黑裤黑靴，不戴假发。保持首帧的构图、机位、景别、人物大小、朝向、光线和色调；只做一个主动作；真实时间流速，不要慢动作、不要转场、不要字幕、不要背景音乐。,"@image1 as the first frame. @audio1 is this shot's vocal (ALPHA_PF3_01_MIX_v001.wav); sync the lips to it. If audio reference is unsupported, lip-sync afterwards.0–6s: head down, she plucks and sings softly, slowly turning toward where the train left; the wind passes and she keeps playing. Camera: medium shot, framing as in the first frame, locked-off. ALPHA is the same adult female humanoid robot throughout: a segmented brushed-silver robotic face, blue-violet irises, teal lips, round silver turbine ear units, a fully mechanical neck, fingers and joints, no human skin anywhere. B1 body with B3 outfit: long black puffer down coat, grey knitted scarf, black trousers and boots, no wig. Keep the first frame's composition, camera position, framing, subject size, facing, lighting and grade; one main action only; real-time speed, no slow motion, no transitions, no subtitles, no background music.",不改脸部身份；不加人类皮肤；不把配角机械化；不改构图和人物大小；不加无关道具；不生成牙齿和舌头；不做动画或渲染风格；新增中文字后期合成。,ALPHA_PF3_v001.mp4,v001
L01,L01,R02,回忆,LOW,candidate_pending,,,202.50,206.50,4.00,provisional_from_script,待确认,,B1+B3（+假发）,02_latest_frames/014_R02_L01_公厕镜前戴上假发_OLD_前期过渡候选.png,黑长羽绒服＋灰围巾,戴,无,近景，过镜子，原图,她把假发往头上戴正（动作从未戴好开始）,荧光灯闪烁,原图：病态青绿荧光,想看起来像个人,镜中手与前景手一致；镜子里不能出现第二张脸；假发不穿过耳侧涡轮,否,否,,,荧光灯电流声、滴水,,用现有候选。注意：候选是“戴到一半”的状态，动画从这里开始往下拉正。,,@图片1 作为首帧。0–2 秒：她双手把假发往下拉，扯正；2–4 秒：灯闪了一下，她拉起围巾遮住半张脸。镜中动作与前景完全同步。 镜头：近景，过镜子，原图。ALPHA 是同一位成年女性机器人：银色分片机械脸、蓝紫色虹膜、青色嘴唇、耳侧圆形涡轮，脖子、手指和关节都是完整机械结构，没有任何人类皮肤。 B1 本体＋B3 黑色长羽绒服和灰围巾，戴一顶廉价、不合适的黑色假发（假发不与耳侧涡轮穿插）。保持首帧的构图、机位、景别、人物大小、朝向、光线和色调；只做一个主动作；真实时间流速，不要慢动作、不要转场、不要字幕、不要背景音乐。,"@image1 as the first frame. 0–2s: both hands pull the wig down and straighten it; 2–4s: the light flickers and she pulls the scarf up over half her face. The mirror image moves in exact sync. Camera: close shot, framing as in the first frame, locked-off. ALPHA is the same adult female humanoid robot throughout: a segmented brushed-silver robotic face, blue-violet irises, teal lips, round silver turbine ear units, a fully mechanical neck, fingers and joints, no human skin anywhere. B1 body with the long black puffer coat and grey scarf, wearing a cheap ill-fitting black synthetic wig that sits around, not through, the round ear units. Keep the first frame's composition, camera position, framing, subject size, facing, lighting and grade; one main action only; real-time speed, no slow motion, no transitions, no subtitles, no background music.",不改脸部身份；不加人类皮肤；不把配角机械化；不改构图和人物大小；不加无关道具；不生成牙齿和舌头；不做动画或渲染风格；新增中文字后期合成。,ALPHA_L01_v001.mp4,v001
H2,H2,（新出图）,回忆,LOW,proposal_pending,,,206.50,210.00,3.50,provisional_from_script,待确认,,B1+B3（+假发）,,黑长羽绒服＋灰围巾,戴,无,中景，从店里隔着起雾的玻璃门,面馆老板推门挥手赶走在屋檐下躲雨的她,热气、雨线,店里暖黄，门外冷青,她点点头，走进雨里,老板（真人）,否,否,,,雨声、锅碗声,,新出图。雨夜老面馆，从店里隔着起雾的玻璃门拍，门外屋檐下躲雨的 ALPHA（黑羽绒服、灰围巾、廉价黑假发），胖老板推门挥手。告示字后期合成。,"rainy night, seen from inside an old noodle shop through a fogged glass door, steaming bowls blurred in the foreground, outside under the dripping awning an adult female humanoid robot with a pearl-white and silver segmented metal body with teal accents, a segmented brushed-silver robotic face, blue-violet irises, teal lips and round silver turbine ear units, wearing a long black puffer down coat, a grey knitted scarf, black trousers and black boots, a cheap crooked black synthetic wig on her metal head sheltering from the rain, a heavy shop owner in a greasy apron pushing the door open and waving her away, warm yellow light inside, cold cyan night outside, 50mm, 35mm anamorphic film still, Kodak Vision3 500T, low-key motivated lighting, deep shadows, muted color, grounded realism, 2020s northeast China --ar 239:100 --v 8.1 --style raw --s 150 --no cartoon, anime, 3d render, plastic toy, human skin on the robot",@图片1 作为首帧。0–2 秒：老板推门挥手；2–3.5 秒：她点点头，转身走进雨里。 镜头：中景，从店里隔着起雾的玻璃门。ALPHA 是同一位成年女性机器人：银色分片机械脸、蓝紫色虹膜、青色嘴唇、耳侧圆形涡轮，脖子、手指和关节都是完整机械结构，没有任何人类皮肤。 B1 本体＋B3 黑色长羽绒服和灰围巾，戴一顶廉价、不合适的黑色假发（假发不与耳侧涡轮穿插）。保持首帧的构图、机位、景别、人物大小、朝向、光线和色调；只做一个主动作；真实时间流速，不要慢动作、不要转场、不要字幕、不要背景音乐。,"@image1 as the first frame. 0–2s: the owner pushes the door and waves her off; 2–3.5s: she nods and turns into the rain. Camera: medium shot, through glass, from inside the shop, locked-off. ALPHA is the same adult female humanoid robot throughout: a segmented brushed-silver robotic face, blue-violet irises, teal lips, round silver turbine ear units, a fully mechanical neck, fingers and joints, no human skin anywhere. B1 body with the long black puffer coat and grey scarf, wearing a cheap ill-fitting black synthetic wig that sits around, not through, the round ear units. Keep the first frame's composition, camera position, framing, subject size, facing, lighting and grade; one main action only; real-time speed, no slow motion, no transitions, no subtitles, no background music.",不改脸部身份；不加人类皮肤；不把配角机械化；不改构图和人物大小；不加无关道具；不生成牙齿和舌头；不做动画或渲染风格；新增中文字后期合成。,ALPHA_H2_v001.mp4,v001
L02,L02,K03,回忆,LOW,candidate_pending,,,210.00,213.50,3.50,provisional_from_script,待确认,,B1+B3（+假发）,02_latest_frames/015_K03_L02_劳务市场等待_最新候选.png,黑长羽绒服＋灰围巾,戴,无,原图,面包车里的雇主看了她一眼，没停,零工呼出白气（她没有）,原图,平静地等,所有真人零工、面包车司机,否,否,,,面包车引擎、人声,,用现有候选。纸板字“什么活都干 只要电”后期合成。,,@图片1 作为首帧。0–2 秒：车里的雇主看了她一眼；2–3.5 秒：他移开目光，车往前开走。周围的人都在呼白气，她没有。 镜头：原图。ALPHA 是同一位成年女性机器人：银色分片机械脸、蓝紫色虹膜、青色嘴唇、耳侧圆形涡轮，脖子、手指和关节都是完整机械结构，没有任何人类皮肤。 B1 本体＋B3 黑色长羽绒服和灰围巾，戴一顶廉价、不合适的黑色假发（假发不与耳侧涡轮穿插）。保持首帧的构图、机位、景别、人物大小、朝向、光线和色调；只做一个主动作；真实时间流速，不要慢动作、不要转场、不要字幕、不要背景音乐。,"@image1 as the first frame. 0–2s: the driver glances at her; 2–3.5s: he looks away and drives on. Everyone around exhales white breath; she does not. Camera: framing as in the first frame, locked-off. ALPHA is the same adult female humanoid robot throughout: a segmented brushed-silver robotic face, blue-violet irises, teal lips, round silver turbine ear units, a fully mechanical neck, fingers and joints, no human skin anywhere. B1 body with the long black puffer coat and grey scarf, wearing a cheap ill-fitting black synthetic wig that sits around, not through, the round ear units. Keep the first frame's composition, camera position, framing, subject size, facing, lighting and grade; one main action only; real-time speed, no slow motion, no transitions, no subtitles, no background music.",不改脸部身份；不加人类皮肤；不把配角机械化；不改构图和人物大小；不加无关道具；不生成牙齿和舌头；不做动画或渲染风格；新增中文字后期合成。,ALPHA_L02_v001.mp4,v001
L03,L03,K07,回忆,LOW,candidate_pending,,,213.50,217.50,4.00,provisional_from_script,待确认,,B1+B3（+假发）,02_latest_frames/016_K07_L03_拆解厂捧起机器人头部_最新候选.png,黑长羽绒服＋灰围巾,戴,无,原图,她用金属手指按住同型号机器人头的眼睛，蓝光熄灭；对面的默默抬头看她,焊花、烟尘,原图,哀悼,默默（真人外观）,否,否,,,切割机、焊枪,,用现有候选。,,@图片1 作为首帧。0–2.5 秒：她的手指轻轻合上那个头的眼睛，蓝光熄灭；2.5–4 秒：对面的男人抬头看了她一眼。 镜头：原图。ALPHA 是同一位成年女性机器人：银色分片机械脸、蓝紫色虹膜、青色嘴唇、耳侧圆形涡轮，脖子、手指和关节都是完整机械结构，没有任何人类皮肤。 B1 本体＋B3 黑色长羽绒服和灰围巾，戴一顶廉价、不合适的黑色假发（假发不与耳侧涡轮穿插）。 小鹿、阿凯、默默始终是普通人外观：不出现金属、线路或机械结构，影子和倒影正常。保持首帧的构图、机位、景别、人物大小、朝向、光线和色调；只做一个主动作；真实时间流速，不要慢动作、不要转场、不要字幕、不要背景音乐。,"@image1 as the first frame. 0–2.5s: her fingers gently close the head's eye and its blue light goes out; 2.5–4s: the man across looks up at her. Camera: framing as in the first frame, locked-off. ALPHA is the same adult female humanoid robot throughout: a segmented brushed-silver robotic face, blue-violet irises, teal lips, round silver turbine ear units, a fully mechanical neck, fingers and joints, no human skin anywhere. B1 body with the long black puffer coat and grey scarf, wearing a cheap ill-fitting black synthetic wig that sits around, not through, the round ear units. Xiaolu, Akai and Momo always look like ordinary people: no metal, wires or machinery, normal shadows and reflections. Keep the first frame's composition, camera position, framing, subject size, facing, lighting and grade; one main action only; real-time speed, no slow motion, no transitions, no subtitles, no background music.",不改脸部身份；不加人类皮肤；不把配角机械化；不改构图和人物大小；不加无关道具；不生成牙齿和舌头；不做动画或渲染风格；新增中文字后期合成。,ALPHA_L03_v001.mp4,v001
L04,L04,K06（v2）,回忆,V2OUT,candidate_pending,,,217.50,220.50,3.00,provisional_from_script,待确认,,B1+B3（v2）,02_latest_frames/017_K06_L04_雷雨中的输电塔_V2_最新候选.png,敞开羽绒服＋舞台装（v2）,戴,无,大远景，原图,闪电劈下，她背向镜头走向电塔,闪电、暴雨,原图,背影的疲惫,背向构图，不转正面,否,否,,,雷声、暴雨,,用现有 v2 候选（待确认）。,,@图片1 作为首帧。0–3 秒：她背对镜头，一步一步走向电塔，闪电照亮整座塔又暗下去。 镜头：大远景，原图。ALPHA 是同一位成年女性机器人：银色分片机械脸、蓝紫色虹膜、青色嘴唇、耳侧圆形涡轮，脖子、手指和关节都是完整机械结构，没有任何人类皮肤。 室外 v2：敞开的黑色长羽绒服里是夜场舞台装，露出的部分全是机械材质，戴廉价黑假发。保持首帧的构图、机位、景别、人物大小、朝向、光线和色调；只做一个主动作；真实时间流速，不要慢动作、不要转场、不要字幕、不要背景音乐。,"@image1 as the first frame. 0–3s: back to camera, she trudges toward the tower; lightning lights it up, then darkness. Camera: extreme long shot, framing as in the first frame, locked-off. ALPHA is the same adult female humanoid robot throughout: a segmented brushed-silver robotic face, blue-violet irises, teal lips, round silver turbine ear units, a fully mechanical neck, fingers and joints, no human skin anywhere. Outdoor v2: the long black puffer coat open over the nightclub stage outfit; everything exposed is mechanical metal; cheap black wig. Keep the first frame's composition, camera position, framing, subject size, facing, lighting and grade; one main action only; real-time speed, no slow motion, no transitions, no subtitles, no background music.",不改脸部身份；不加人类皮肤；不把配角机械化；不改构图和人物大小；不加无关道具；不生成牙齿和舌头；不做动画或渲染风格；新增中文字后期合成。,ALPHA_L04_v001.mp4,v001
L05,L05,K26,回忆,LOW,candidate_pending,,,220.50,223.50,3.00,provisional_from_script,待确认,,B1+B3（+假发）,02_latest_frames/018_K26_L05_冷库搬箱子_最新候选.png,黑长羽绒服＋灰围巾,戴,无,原图,她背向镜头搬着箱子走过，工人们都在呼白气,冷雾,原图,—,背向搬箱，不转正面；真人工人,否,否,,,冷机嗡鸣,,用现有候选。,,@图片1 作为首帧。0–3 秒：她背对镜头搬着箱子往前走；工人们呼出白气，她没有。 镜头：原图。ALPHA 是同一位成年女性机器人：银色分片机械脸、蓝紫色虹膜、青色嘴唇、耳侧圆形涡轮，脖子、手指和关节都是完整机械结构，没有任何人类皮肤。 B1 本体＋B3 黑色长羽绒服和灰围巾，戴一顶廉价、不合适的黑色假发（假发不与耳侧涡轮穿插）。保持首帧的构图、机位、景别、人物大小、朝向、光线和色调；只做一个主动作；真实时间流速，不要慢动作、不要转场、不要字幕、不要背景音乐。,"@image1 as the first frame. 0–3s: back to camera, she carries the box forward; the workers exhale white breath, she does not. Camera: framing as in the first frame, locked-off. ALPHA is the same adult female humanoid robot throughout: a segmented brushed-silver robotic face, blue-violet irises, teal lips, round silver turbine ear units, a fully mechanical neck, fingers and joints, no human skin anywhere. B1 body with the long black puffer coat and grey scarf, wearing a cheap ill-fitting black synthetic wig that sits around, not through, the round ear units. Keep the first frame's composition, camera position, framing, subject size, facing, lighting and grade; one main action only; real-time speed, no slow motion, no transitions, no subtitles, no background music.",不改脸部身份；不加人类皮肤；不把配角机械化；不改构图和人物大小；不加无关道具；不生成牙齿和舌头；不做动画或渲染风格；新增中文字后期合成。,ALPHA_L05_v001.mp4,v001
L06,L06,K31（v2）,回忆,V2OUT,candidate_pending,,,223.50,227.50,4.00,provisional_from_script,待确认,,B1+B3（v2）,02_latest_frames/019_K31_L06_小巷黑市充电_V2_最新候选.png,敞开羽绒服＋舞台装（v2）,戴,无,原图,电贩子数钱；她靠墙，颈后接着线，眼睛慢慢亮起,雨、乱线上的水珠,原图,得到电后的短暂放松,电贩子（真人）,是（微笑弧度轻）,否,,,雨、电流声,,用现有 v2 候选（待确认）。,,@图片1 作为首帧。0–2 秒：电贩子低头数钱；2–4 秒：她靠着湿墙，眼睛一点点亮起来，肩膀轻轻松下来。 镜头：原图。ALPHA 是同一位成年女性机器人：银色分片机械脸、蓝紫色虹膜、青色嘴唇、耳侧圆形涡轮，脖子、手指和关节都是完整机械结构，没有任何人类皮肤。 室外 v2：敞开的黑色长羽绒服里是夜场舞台装，露出的部分全是机械材质，戴廉价黑假发。保持首帧的构图、机位、景别、人物大小、朝向、光线和色调；只做一个主动作；真实时间流速，不要慢动作、不要转场、不要字幕、不要背景音乐。,"@image1 as the first frame. 0–2s: the dealer counts his cash; 2–4s: against the wet wall her eyes slowly brighten and her shoulders relax a little. Camera: framing as in the first frame, locked-off. ALPHA is the same adult female humanoid robot throughout: a segmented brushed-silver robotic face, blue-violet irises, teal lips, round silver turbine ear units, a fully mechanical neck, fingers and joints, no human skin anywhere. Outdoor v2: the long black puffer coat open over the nightclub stage outfit; everything exposed is mechanical metal; cheap black wig. Keep the first frame's composition, camera position, framing, subject size, facing, lighting and grade; one main action only; real-time speed, no slow motion, no transitions, no subtitles, no background music.",不改脸部身份；不加人类皮肤；不把配角机械化；不改构图和人物大小；不加无关道具；不生成牙齿和舌头；不做动画或渲染风格；新增中文字后期合成。,ALPHA_L06_v001.mp4,v001
L07_01,L07,K05（v2）,回忆,V2,candidate_pending,,,227.50,230.50,3.00,provisional_from_script,待确认,,B1（v2 舞台装）,02_latest_frames/021_K05_L07_红灯房间抱损坏部件_V2_最新候选.png,夜场舞台装（v2）,戴,无,原图,她蹲着，把自己掉下来的外壳碎片抱在怀里,红灯,原图,悲伤、退缩,背景虚影,否,否,,,门外客人的笑声远去,,用现有 v2 候选（待确认）。,,@图片1 作为首帧。0–3 秒：她蹲着，慢慢把碎片抱紧，头低下去。 镜头：原图。ALPHA 是同一位成年女性机器人：银色分片机械脸、蓝紫色虹膜、青色嘴唇、耳侧圆形涡轮，脖子、手指和关节都是完整机械结构，没有任何人类皮肤。 夜场 v2：黑色露肩短上装和短裙（不透的内衬）、饰链和耳饰，露出的肩、臂、腰、腿全是机械材质，戴廉价黑假发。保持首帧的构图、机位、景别、人物大小、朝向、光线和色调；只做一个主动作；真实时间流速，不要慢动作、不要转场、不要字幕、不要背景音乐。,"@image1 as the first frame. 0–3s: crouching, she slowly hugs the broken piece closer and lowers her head. Camera: framing as in the first frame, locked-off. ALPHA is the same adult female humanoid robot throughout: a segmented brushed-silver robotic face, blue-violet irises, teal lips, round silver turbine ear units, a fully mechanical neck, fingers and joints, no human skin anywhere. Nightclub v2: black off-shoulder cropped top and short skirt with opaque lining, small chains and earrings; every exposed shoulder, arm, waist and leg is mechanical metal; cheap black wig. Keep the first frame's composition, camera position, framing, subject size, facing, lighting and grade; one main action only; real-time speed, no slow motion, no transitions, no subtitles, no background music.",不改脸部身份；不加人类皮肤；不把配角机械化；不改构图和人物大小；不加无关道具；不生成牙齿和舌头；不做动画或渲染风格；新增中文字后期合成。,ALPHA_L07_01_v001.mp4,v001
L07_02,L07,K04（v2）,回忆,V2,candidate_pending,,,230.50,233.50,3.00,provisional_from_script,待确认,,B1（v2 舞台装）,02_latest_frames/020_K04_L07_红灯房间靠墙坐着_V2_最新候选.png,夜场舞台装（v2）,戴,无,原图,她靠墙坐着，挤出一个苦涩的微笑,红灯微闪,原图,苦涩、勉强的笑,,是,否,,字幕 IV4：问：那时候，为什么要戴假发？／答：我想让他们以为我是人。这样，他们会听我唱完。,空调声,,用现有 v2 候选（待确认）。,,@图片1 作为首帧。0–3 秒：她靠墙坐着，嘴角慢慢扯出一个勉强的笑，眼睛没有笑。 镜头：原图。ALPHA 是同一位成年女性机器人：银色分片机械脸、蓝紫色虹膜、青色嘴唇、耳侧圆形涡轮，脖子、手指和关节都是完整机械结构，没有任何人类皮肤。 夜场 v2：黑色露肩短上装和短裙（不透的内衬）、饰链和耳饰，露出的肩、臂、腰、腿全是机械材质，戴廉价黑假发。保持首帧的构图、机位、景别、人物大小、朝向、光线和色调；只做一个主动作；真实时间流速，不要慢动作、不要转场、不要字幕、不要背景音乐。,"@image1 as the first frame. 0–3s: sitting against the wall, the corners of her mouth pull into a forced smile; her eyes do not smile. Camera: framing as in the first frame, locked-off. ALPHA is the same adult female humanoid robot throughout: a segmented brushed-silver robotic face, blue-violet irises, teal lips, round silver turbine ear units, a fully mechanical neck, fingers and joints, no human skin anywhere. Nightclub v2: black off-shoulder cropped top and short skirt with opaque lining, small chains and earrings; every exposed shoulder, arm, waist and leg is mechanical metal; cheap black wig. Keep the first frame's composition, camera position, framing, subject size, facing, lighting and grade; one main action only; real-time speed, no slow motion, no transitions, no subtitles, no background music.",不改脸部身份；不加人类皮肤；不把配角机械化；不改构图和人物大小；不加无关道具；不生成牙齿和舌头；不做动画或渲染风格；新增中文字后期合成。,ALPHA_L07_02_v001.mp4,v001
L08_01,L08,K29（v2）,回忆,V2,candidate_pending,,,233.50,239.50,6.00,provisional_from_script,待确认,在人来人往的尘世间（画内，KTV 音箱声）,B1（v2 舞台装）,02_latest_frames/022_K29_L08_包间拿麦克风演唱_V2_最新候选.png,夜场舞台装（v2）,戴,无,原图,她站在包间中央拿着麦克风，职业性地笑着唱,烟、电视屏幕光,原图,职业性的笑,醉汉、门口的阿凯（真人外观）、酒桌,是（远）,是（画内声）,ALPHA_L08_01,,画内：同一首歌经 KTV 音箱，压低、发闷（提案）,母带区间见 audio/audio_segments.csv；生成用整句，剪辑只取本镜区间,用现有 v2 候选（待确认）。,,@图片1 作为首帧。@音频1 为本镜演唱音频（ALPHA_L08_01_MIX_v001.wav），嘴型与之同步；若平台不支持音频参考，生成后再用口型工具对齐。0–6 秒：她笑着对着麦克风唱，嘴型跟 @音频1；沙发上的醉汉哄笑、举杯，门口的阿凯一动不动。 镜头：原图。ALPHA 是同一位成年女性机器人：银色分片机械脸、蓝紫色虹膜、青色嘴唇、耳侧圆形涡轮，脖子、手指和关节都是完整机械结构，没有任何人类皮肤。 夜场 v2：黑色露肩短上装和短裙（不透的内衬）、饰链和耳饰，露出的肩、臂、腰、腿全是机械材质，戴廉价黑假发。 小鹿、阿凯、默默始终是普通人外观：不出现金属、线路或机械结构，影子和倒影正常。保持首帧的构图、机位、景别、人物大小、朝向、光线和色调；只做一个主动作；真实时间流速，不要慢动作、不要转场、不要字幕、不要背景音乐。,"@image1 as the first frame. @audio1 is this shot's vocal (ALPHA_L08_01_MIX_v001.wav); sync the lips to it. If audio reference is unsupported, lip-sync afterwards.0–6s: she sings into the mic with a professional smile, lips following @audio1; the drunk men laugh and raise glasses; Akai stands motionless by the door. Camera: framing as in the first frame, locked-off. ALPHA is the same adult female humanoid robot throughout: a segmented brushed-silver robotic face, blue-violet irises, teal lips, round silver turbine ear units, a fully mechanical neck, fingers and joints, no human skin anywhere. Nightclub v2: black off-shoulder cropped top and short skirt with opaque lining, small chains and earrings; every exposed shoulder, arm, waist and leg is mechanical metal; cheap black wig. Xiaolu, Akai and Momo always look like ordinary people: no metal, wires or machinery, normal shadows and reflections. Keep the first frame's composition, camera position, framing, subject size, facing, lighting and grade; one main action only; real-time speed, no slow motion, no transitions, no subtitles, no background music.",不改脸部身份；不加人类皮肤；不把配角机械化；不改构图和人物大小；不加无关道具；不生成牙齿和舌头；不做动画或渲染风格；新增中文字后期合成。,ALPHA_L08_01_v001.mp4,v001
L08_02,L08,（新出图）,回忆,V2,proposal_pending,,,239.50,243.50,4.00,provisional_from_script,待确认,,B1（v2 舞台装）,,夜场舞台装（v2）,戴,无,近景，35mm 手持,醉汉拽住她的手腕，一只戴露指皮手套的手捏住了醉汉的手腕,,紫红顶灯,醉汉的笑僵住；阿凯冷,阿凯（真人外观，真实形态绝不出现）,否,否,,,画内歌声戛然而止,,新出图。近景：醉汉的手拽着 ALPHA 的机械手腕，一只戴露指旧皮手套的男人的手从画外伸进来，捏住醉汉的手腕。,"close-up in a purple-lit karaoke room, a drunk middle-aged man's hand gripping the mechanical wrist of an adult female humanoid robot with a pearl-white and silver segmented metal body with teal accents, a segmented brushed-silver robotic face, blue-violet irises, teal lips and round silver turbine ear units, a young man's hand in a worn fingerless leather glove reaching in from off-frame and clamping down on the drunk man's wrist, cigarette smoke, 35mm handheld, 35mm anamorphic film still, Kodak Vision3 500T, low-key motivated lighting, deep shadows, muted color, grounded realism, 2020s northeast China --ar 239:100 --v 8.1 --style raw --s 150 --no cartoon, anime, 3d render, plastic toy, human skin on the robot",@图片1 作为首帧。0–2 秒：醉汉拽着她的手腕往沙发拉；2–4 秒：戴皮手套的手捏住醉汉的手腕，醉汉的手指慢慢松开。 镜头：近景，35mm 手持。ALPHA 是同一位成年女性机器人：银色分片机械脸、蓝紫色虹膜、青色嘴唇、耳侧圆形涡轮，脖子、手指和关节都是完整机械结构，没有任何人类皮肤。 夜场 v2：黑色露肩短上装和短裙（不透的内衬）、饰链和耳饰，露出的肩、臂、腰、腿全是机械材质，戴廉价黑假发。 小鹿、阿凯、默默始终是普通人外观：不出现金属、线路或机械结构，影子和倒影正常。保持首帧的构图、机位、景别、人物大小、朝向、光线和色调；只做一个主动作；真实时间流速，不要慢动作、不要转场、不要字幕、不要背景音乐。,"@image1 as the first frame. 0–2s: the drunk pulls her wrist toward the sofa; 2–4s: the gloved hand clamps his wrist and his fingers slowly let go. Camera: close shot, 35mm, handheld, subtle breathing movement. ALPHA is the same adult female humanoid robot throughout: a segmented brushed-silver robotic face, blue-violet irises, teal lips, round silver turbine ear units, a fully mechanical neck, fingers and joints, no human skin anywhere. Nightclub v2: black off-shoulder cropped top and short skirt with opaque lining, small chains and earrings; every exposed shoulder, arm, waist and leg is mechanical metal; cheap black wig. Xiaolu, Akai and Momo always look like ordinary people: no metal, wires or machinery, normal shadows and reflections. Keep the first frame's composition, camera position, framing, subject size, facing, lighting and grade; one main action only; real-time speed, no slow motion, no transitions, no subtitles, no background music.",不改脸部身份；不加人类皮肤；不把配角机械化；不改构图和人物大小；不加无关道具；不生成牙齿和舌头；不做动画或渲染风格；新增中文字后期合成。,ALPHA_L08_02_v001.mp4,v001
M1,M1,（新出图）,回忆,LOW,proposal_pending,,,243.50,248.50,5.00,provisional_from_script,待确认,,B1+B3（+假发）,,黑长羽绒服＋灰围巾,戴,无,侧面平行跟拍，40mm 变形宽银幕,阿凯骑旧摩托，她坐后座，两人不说话,雨、路灯一盏盏扫过、他肩背冒热气,橙色钠灯与冷青黑暗交替,孤独又温柔,阿凯（真人外观）、摩托车,否,否,,,摩托引擎、暴雨,,新出图。深夜大雨高架桥下，刺猬头黑皮夹克的年轻男人骑旧摩托，ALPHA（黑羽绒服、假发）坐后座。,"late night heavy rain under an empty city overpass, a young Chinese man with spiky black hair and a worn black leather jacket riding an old modified motorcycle, an adult female humanoid robot with a pearl-white and silver segmented metal body with teal accents, a segmented brushed-silver robotic face, blue-violet irises, teal lips and round silver turbine ear units, wearing a long black puffer down coat, a grey knitted scarf, black trousers and black boots, a cheap crooked black synthetic wig on her metal head sitting behind him, neither speaking, faint steam rising from his shoulders in the cold rain, orange sodium streetlights sweeping across them with cold cyan darkness in between, side tracking shot, 40mm anamorphic, 35mm anamorphic film still, Kodak Vision3 500T, low-key motivated lighting, deep shadows, muted color, grounded realism, 2020s northeast China --ar 239:100 --v 8.1 --style raw --s 150 --no cartoon, anime, 3d render, plastic toy, human skin on the robot",@图片1 作为首帧。0–3 秒：两人在雨里沉默地骑行，路灯一盏盏扫过；3–5 秒：她的手犹豫着碰了一下他的肩，又收回来，抓住后座扶手。 镜头：侧面平行跟拍，40mm 变形宽银幕。ALPHA 是同一位成年女性机器人：银色分片机械脸、蓝紫色虹膜、青色嘴唇、耳侧圆形涡轮，脖子、手指和关节都是完整机械结构，没有任何人类皮肤。 B1 本体＋B3 黑色长羽绒服和灰围巾，戴一顶廉价、不合适的黑色假发（假发不与耳侧涡轮穿插）。 小鹿、阿凯、默默始终是普通人外观：不出现金属、线路或机械结构，影子和倒影正常。保持首帧的构图、机位、景别、人物大小、朝向、光线和色调；只做一个主动作；真实时间流速，不要慢动作、不要转场、不要字幕、不要背景音乐。,"@image1 as the first frame. 0–3s: they ride silently through the rain, streetlights sweeping over them; 3–5s: her hand hesitates on his shoulder, then pulls back to grip the rear handle. Camera: side view, 40mm, anamorphic, side tracking shot. ALPHA is the same adult female humanoid robot throughout: a segmented brushed-silver robotic face, blue-violet irises, teal lips, round silver turbine ear units, a fully mechanical neck, fingers and joints, no human skin anywhere. B1 body with the long black puffer coat and grey scarf, wearing a cheap ill-fitting black synthetic wig that sits around, not through, the round ear units. Xiaolu, Akai and Momo always look like ordinary people: no metal, wires or machinery, normal shadows and reflections. Keep the first frame's composition, camera position, framing, subject size, facing, lighting and grade; one main action only; real-time speed, no slow motion, no transitions, no subtitles, no background music.",不改脸部身份；不加人类皮肤；不把配角机械化；不改构图和人物大小；不加无关道具；不生成牙齿和舌头；不做动画或渲染风格；新增中文字后期合成。,ALPHA_M1_v001.mp4,v001
L09_01,L09,K01,回忆,LOW,candidate_pending,,,248.50,250.50,2.00,provisional_from_script,待确认,,B1+B3（+假发）,02_latest_frames/023_K01_L09_帘幕后候场唱歌_最新候选.png,黑长羽绒服＋灰围巾,戴,无,原图,幕布后，她举起麦克风,幕布缝隙外的彩色灯,原图,准备,台前对口型的歌手（真人）,否,否,,,隔着幕布的夜场声，她吸了一口“气”,,用现有候选。,,@图片1 作为首帧。0–2 秒：她在黑暗里慢慢把麦克风举到嘴边。 镜头：原图。ALPHA 是同一位成年女性机器人：银色分片机械脸、蓝紫色虹膜、青色嘴唇、耳侧圆形涡轮，脖子、手指和关节都是完整机械结构，没有任何人类皮肤。 B1 本体＋B3 黑色长羽绒服和灰围巾，戴一顶廉价、不合适的黑色假发（假发不与耳侧涡轮穿插）。保持首帧的构图、机位、景别、人物大小、朝向、光线和色调；只做一个主动作；真实时间流速，不要慢动作、不要转场、不要字幕、不要背景音乐。,"@image1 as the first frame. 0–2s: in the dark she slowly raises the mic to her mouth. Camera: framing as in the first frame, locked-off. ALPHA is the same adult female humanoid robot throughout: a segmented brushed-silver robotic face, blue-violet irises, teal lips, round silver turbine ear units, a fully mechanical neck, fingers and joints, no human skin anywhere. B1 body with the long black puffer coat and grey scarf, wearing a cheap ill-fitting black synthetic wig that sits around, not through, the round ear units. Keep the first frame's composition, camera position, framing, subject size, facing, lighting and grade; one main action only; real-time speed, no slow motion, no transitions, no subtitles, no background music.",不改脸部身份；不加人类皮肤；不把配角机械化；不改构图和人物大小；不加无关道具；不生成牙齿和舌头；不做动画或渲染风格；新增中文字后期合成。,ALPHA_L09_01_v001.mp4,v001
L09_02,L09,K02,回忆,LOW,candidate_pending,150.50,157.68,250.50,257.68,7.18,provisional_lrc,待确认,想为你唱一首昨日的歌,B1+B3（+假发）,02_latest_frames/024_K02_L09_侧脸对着麦克风_最新候选.png,黑长羽绒服＋灰围巾,戴,无,近景侧脸，原图,她对着麦克风唱，歌声从画内接回母带,背景虚焦人群,原图,投入,,是,是,ALPHA_L09_01,,母带从 150.50 恢复（画内声渐变为全频）,母带区间见 audio/audio_segments.csv；生成用整句，剪辑只取本镜区间,用现有候选。,,@图片1 作为首帧。@音频1 为本镜演唱音频（ALPHA_L09_01_MIX_v001.wav），嘴型与之同步；若平台不支持音频参考，生成后再用口型工具对齐。0–7 秒：她侧脸对着麦克风唱，嘴型跟 @音频1，头随旋律轻轻前倾。 镜头：近景侧脸，原图。ALPHA 是同一位成年女性机器人：银色分片机械脸、蓝紫色虹膜、青色嘴唇、耳侧圆形涡轮，脖子、手指和关节都是完整机械结构，没有任何人类皮肤。 B1 本体＋B3 黑色长羽绒服和灰围巾，戴一顶廉价、不合适的黑色假发（假发不与耳侧涡轮穿插）。保持首帧的构图、机位、景别、人物大小、朝向、光线和色调；只做一个主动作；真实时间流速，不要慢动作、不要转场、不要字幕、不要背景音乐。,"@image1 as the first frame. @audio1 is this shot's vocal (ALPHA_L09_01_MIX_v001.wav); sync the lips to it. If audio reference is unsupported, lip-sync afterwards.0–7s: in profile she sings into the mic, lips following @audio1, head leaning gently with the melody. Camera: close shot, profile, framing as in the first frame, locked-off. ALPHA is the same adult female humanoid robot throughout: a segmented brushed-silver robotic face, blue-violet irises, teal lips, round silver turbine ear units, a fully mechanical neck, fingers and joints, no human skin anywhere. B1 body with the long black puffer coat and grey scarf, wearing a cheap ill-fitting black synthetic wig that sits around, not through, the round ear units. Keep the first frame's composition, camera position, framing, subject size, facing, lighting and grade; one main action only; real-time speed, no slow motion, no transitions, no subtitles, no background music.",不改脸部身份；不加人类皮肤；不把配角机械化；不改构图和人物大小；不加无关道具；不生成牙齿和舌头；不做动画或渲染风格；新增中文字后期合成。,ALPHA_L09_02_v001.mp4,v001
S25,S25,K15,回忆,LOW,candidate_pending,157.68,164.37,257.68,264.37,6.69,provisional_lrc,待确认,想让时间停留这一刻,B1+B3（+假发）；G-B,02_latest_frames/025_K15_S25_地下通道坐着卖唱_最新候选.png,黑长羽绒服＋灰围巾,戴,G-B 蜂蜜原木色木吉他（深棕背板、磨损、琴边金属修补、拾音改装和黑色线）,低机位，原图,她靠墙弹唱；唱完这句，保安拔掉插头，她停住，眼睛暗下去,前景行人腿,原图,动情 → 熄灭,木吉他、电源线、前景行人,是,是,ALPHA_S25_01,,母带,母带区间见 audio/audio_segments.csv；生成用整句，剪辑只取本镜区间,用现有候选。,,@图片1 作为首帧。@音频1 为本镜演唱音频（ALPHA_S25_01_MIX_v001.wav），嘴型与之同步；若平台不支持音频参考，生成后再用口型工具对齐。0–5.5 秒：她低头弹唱，嘴型跟 @音频1，唱到动情处头慢慢仰起；5.5–6.7 秒：电源线一松，她停在拨弦的那一下，眼睛暗下去。 镜头：低机位，原图。ALPHA 是同一位成年女性机器人：银色分片机械脸、蓝紫色虹膜、青色嘴唇、耳侧圆形涡轮，脖子、手指和关节都是完整机械结构，没有任何人类皮肤。 B1 本体＋B3 黑色长羽绒服和灰围巾，戴一顶廉价、不合适的黑色假发（假发不与耳侧涡轮穿插）。保持首帧的构图、机位、景别、人物大小、朝向、光线和色调；只做一个主动作；真实时间流速，不要慢动作、不要转场、不要字幕、不要背景音乐。,"@image1 as the first frame. @audio1 is this shot's vocal (ALPHA_S25_01_MIX_v001.wav); sync the lips to it. If audio reference is unsupported, lip-sync afterwards.0–5.5s: she plays and sings, lips following @audio1, slowly lifting her head; 5.5–6.7s: the power cord drops away, she freezes mid-strum and her eyes go dark. Camera: low angle, framing as in the first frame, locked-off. ALPHA is the same adult female humanoid robot throughout: a segmented brushed-silver robotic face, blue-violet irises, teal lips, round silver turbine ear units, a fully mechanical neck, fingers and joints, no human skin anywhere. B1 body with the long black puffer coat and grey scarf, wearing a cheap ill-fitting black synthetic wig that sits around, not through, the round ear units. Keep the first frame's composition, camera position, framing, subject size, facing, lighting and grade; one main action only; real-time speed, no slow motion, no transitions, no subtitles, no background music.",不改脸部身份；不加人类皮肤；不把配角机械化；不改构图和人物大小；不加无关道具；不生成牙齿和舌头；不做动画或渲染风格；新增中文字后期合成。,ALPHA_S25_v001.mp4,v001
S26,S26,K09,回忆,LOW,candidate_pending,164.37,171.00,264.37,271.00,6.63,provisional_lrc,待确认,在人来人往的尘世间,B1+B3（+假发）,02_latest_frames/026_K09_S26_走廊里小鹿给电_最新候选.png,黑长羽绒服＋灰围巾,戴,无,原图,小鹿把袖口里的细线接到她身上，她的眼睛一点点亮起,荧光灯一明一暗,原图,小鹿淡淡地笑,小鹿（真人外观，线从袖口出来但皮肤完好）,否,否,,字幕（小鹿）：我们也是。,母带,,用现有候选。,,@图片1 作为首帧。0–3 秒：小鹿把细线接好，一下也没眨眼；3–6.6 秒：ALPHA 的眼睛一点点亮起来，光照在小鹿脸上，小鹿轻声说了一句话，淡淡地笑。 镜头：原图。ALPHA 是同一位成年女性机器人：银色分片机械脸、蓝紫色虹膜、青色嘴唇、耳侧圆形涡轮，脖子、手指和关节都是完整机械结构，没有任何人类皮肤。 B1 本体＋B3 黑色长羽绒服和灰围巾，戴一顶廉价、不合适的黑色假发（假发不与耳侧涡轮穿插）。 小鹿、阿凯、默默始终是普通人外观：不出现金属、线路或机械结构，影子和倒影正常。保持首帧的构图、机位、景别、人物大小、朝向、光线和色调；只做一个主动作；真实时间流速，不要慢动作、不要转场、不要字幕、不要背景音乐。,"@image1 as the first frame. 0–3s: Xiaolu connects the thin cable without blinking; 3–6.6s: ALPHA's eyes slowly light up, glowing on Xiaolu's face; she says something softly and smiles faintly. Camera: framing as in the first frame, locked-off. ALPHA is the same adult female humanoid robot throughout: a segmented brushed-silver robotic face, blue-violet irises, teal lips, round silver turbine ear units, a fully mechanical neck, fingers and joints, no human skin anywhere. B1 body with the long black puffer coat and grey scarf, wearing a cheap ill-fitting black synthetic wig that sits around, not through, the round ear units. Xiaolu, Akai and Momo always look like ordinary people: no metal, wires or machinery, normal shadows and reflections. Keep the first frame's composition, camera position, framing, subject size, facing, lighting and grade; one main action only; real-time speed, no slow motion, no transitions, no subtitles, no background music.",不改脸部身份；不加人类皮肤；不把配角机械化；不改构图和人物大小；不加无关道具；不生成牙齿和舌头；不做动画或渲染风格；新增中文字后期合成。,ALPHA_S26_v001.mp4,v001
S27,S27,K10（保留原图）,回忆,NONE,原图保留,171.00,177.63,271.00,277.63,6.63,provisional_lrc,待确认,真心的人又能有几个,—,02_latest_frames/027_K10_S27_三位伪装者_保留原图.png,—,无,无,低机位仰拍，原图，慢推,三人静静站着；镜头推近默默，他的眼镜没有镜片,,原图,冷静,三人保持原图,否,否,,,母带,,原图保留。注意：原图里默默戴的是墨镜，“没有镜片的眼镜”破绽需要补一张特写，或改用 R04/K16 里的透明框眼镜（待确认）。,,@图片1 作为首帧。0–4 秒：三人静静站着，阿凯侧着脸不看镜头；4–6.6 秒：镜头慢慢推近。 镜头：低机位仰拍，原图，慢推。小鹿、阿凯、默默始终是普通人外观：不出现金属、线路或机械结构，影子和倒影正常。保持首帧的构图、机位、景别、人物大小、朝向、光线和色调；只做一个主动作；真实时间流速，不要慢动作、不要转场、不要字幕、不要背景音乐。,"@image1 as the first frame. 0–4s: the three stand still, Akai looking away; 4–6.6s: slow push in. Camera: low angle, framing as in the first frame, slow push in. Xiaolu, Akai and Momo always look like ordinary people: no metal, wires or machinery, normal shadows and reflections. Keep the first frame's composition, camera position, framing, subject size, facing, lighting and grade; one main action only; real-time speed, no slow motion, no transitions, no subtitles, no background music.",不改脸部身份；不加人类皮肤；不把配角机械化；不改构图和人物大小；不加无关道具；不生成牙齿和舌头；不做动画或渲染风格；新增中文字后期合成。,ALPHA_S27_v001.mp4,v001
S28_01,S28,R04（尾帧）＋新首帧（R04 加回假发）,回忆,LOW→TRANS,candidate_pending,177.63,181.00,277.63,281.00,3.37,provisional_lrc,待确认,谁不是谁今生的过客（前半）,B1+B3（摘假发）,02_latest_frames/029_R04_S28_出租屋摘假发后正面近景_OLD_前期过渡候选.png,黑长羽绒服＋灰围巾,摘下,无,近景，原图，固定,她摘下假发（首帧戴着，尾帧摘掉）,,原图：暖小灯泡与窗外冷光,决定,身后三人,否（闭合）,否,,,母带,,新出首帧：在 R04 上局部编辑，给她戴回廉价黑假发，其余完全不变。尾帧用 R04 原候选。,"(edit of R04) add a cheap crooked black synthetic wig onto the robot's metal head, keep everything else in the frame exactly the same",@图片1 首帧（戴假发），@图片2 尾帧（R04）。0–3.4 秒：她抬起双手，慢慢把假发从头上摘下来，放低出画。 镜头：近景，原图，固定。ALPHA 是同一位成年女性机器人：银色分片机械脸、蓝紫色虹膜、青色嘴唇、耳侧圆形涡轮，脖子、手指和关节都是完整机械结构，没有任何人类皮肤。 过渡（推荐用于演播室）：B1 本体＋黑色长羽绒服＋灰围巾，不戴假发，外壳保留旧划痕。保持首帧的构图、机位、景别、人物大小、朝向、光线和色调；只做一个主动作；真实时间流速，不要慢动作、不要转场、不要字幕、不要背景音乐。,"@image1 first frame (wig on), @image2 last frame (R04). 0–3.4s: she lifts both hands and slowly takes the wig off, lowering it out of frame. Camera: close shot, framing as in the first frame, locked-off. ALPHA is the same adult female humanoid robot throughout: a segmented brushed-silver robotic face, blue-violet irises, teal lips, round silver turbine ear units, a fully mechanical neck, fingers and joints, no human skin anywhere. Transitional (recommended for the studio): B1 body, long black puffer coat and grey scarf, no wig, old scratches kept on the shell. Keep the first frame's composition, camera position, framing, subject size, facing, lighting and grade; one main action only; real-time speed, no slow motion, no transitions, no subtitles, no background music.",不改脸部身份；不加人类皮肤；不把配角机械化；不改构图和人物大小；不加无关道具；不生成牙齿和舌头；不做动画或渲染风格；新增中文字后期合成。,ALPHA_S28_01_v001.mp4,v001
S28_02,S28,K16,回忆,TRANS,candidate_pending,181.00,184.29,281.00,284.29,3.29,provisional_lrc,待确认,谁不是谁今生的过客（后半）,B1+B3,02_latest_frames/028_K16_S28_出租屋摘掉假发后_最新候选.png,黑长羽绒服＋灰围巾,无,无,原图,身后三人看着她；小鹿轻轻点头,,原图,平静,三人（真人外观）,否,否,,,母带,,用现有候选。,,@图片1 作为首帧。0–3.3 秒：她一动不动；身后的小鹿轻轻点了点头，阿凯别过脸去。 镜头：原图。ALPHA 是同一位成年女性机器人：银色分片机械脸、蓝紫色虹膜、青色嘴唇、耳侧圆形涡轮，脖子、手指和关节都是完整机械结构，没有任何人类皮肤。 过渡（推荐用于演播室）：B1 本体＋黑色长羽绒服＋灰围巾，不戴假发，外壳保留旧划痕。 小鹿、阿凯、默默始终是普通人外观：不出现金属、线路或机械结构，影子和倒影正常。保持首帧的构图、机位、景别、人物大小、朝向、光线和色调；只做一个主动作；真实时间流速，不要慢动作、不要转场、不要字幕、不要背景音乐。,"@image1 as the first frame. 0–3.3s: she stays still; behind her Xiaolu nods slightly and Akai looks away. Camera: framing as in the first frame, locked-off. ALPHA is the same adult female humanoid robot throughout: a segmented brushed-silver robotic face, blue-violet irises, teal lips, round silver turbine ear units, a fully mechanical neck, fingers and joints, no human skin anywhere. Transitional (recommended for the studio): B1 body, long black puffer coat and grey scarf, no wig, old scratches kept on the shell. Xiaolu, Akai and Momo always look like ordinary people: no metal, wires or machinery, normal shadows and reflections. Keep the first frame's composition, camera position, framing, subject size, facing, lighting and grade; one main action only; real-time speed, no slow motion, no transitions, no subtitles, no background music.",不改脸部身份；不加人类皮肤；不把配角机械化；不改构图和人物大小；不加无关道具；不生成牙齿和舌头；不做动画或渲染风格；新增中文字后期合成。,ALPHA_S28_02_v001.mp4,v001
S29_01,S29,K08,回忆,TRANS,candidate_pending,184.29,187.60,284.29,287.60,3.31,provisional_lrc,待确认,谁的一生注定不蹉跎（前半）,B1+B3；G-B,02_latest_frames/030_K08_S29_雨夜天台合奏_最新候选.png,黑长羽绒服＋灰围巾,无,G-B 蜂蜜原木色木吉他（深棕背板、磨损、琴边金属修补、拾音改装和黑色线）,原图,雨夜天台，她弹唱，阿凯跟着吼唱,雨,原图,释放,阿凯、小鹿（真人外观）,是,是,ALPHA_S29_01,,母带,母带区间见 audio/audio_segments.csv；生成用整句，剪辑只取本镜区间,用现有候选。,,@图片1 作为首帧。@音频1 为本镜演唱音频（ALPHA_S29_01_MIX_v001.wav），嘴型与之同步；若平台不支持音频参考，生成后再用口型工具对齐。0–3.3 秒：她在雨里弹唱，嘴型跟 @音频1（前半句）；身后阿凯张口跟唱，小鹿举着手机。 镜头：原图。ALPHA 是同一位成年女性机器人：银色分片机械脸、蓝紫色虹膜、青色嘴唇、耳侧圆形涡轮，脖子、手指和关节都是完整机械结构，没有任何人类皮肤。 过渡（推荐用于演播室）：B1 本体＋黑色长羽绒服＋灰围巾，不戴假发，外壳保留旧划痕。 小鹿、阿凯、默默始终是普通人外观：不出现金属、线路或机械结构，影子和倒影正常。保持首帧的构图、机位、景别、人物大小、朝向、光线和色调；只做一个主动作；真实时间流速，不要慢动作、不要转场、不要字幕、不要背景音乐。,"@image1 as the first frame. @audio1 is this shot's vocal (ALPHA_S29_01_MIX_v001.wav); sync the lips to it. If audio reference is unsupported, lip-sync afterwards.0–3.3s: she plays and sings in the rain, lips following the first half of @audio1; Akai sings along behind her, Xiaolu films. Camera: framing as in the first frame, locked-off. ALPHA is the same adult female humanoid robot throughout: a segmented brushed-silver robotic face, blue-violet irises, teal lips, round silver turbine ear units, a fully mechanical neck, fingers and joints, no human skin anywhere. Transitional (recommended for the studio): B1 body, long black puffer coat and grey scarf, no wig, old scratches kept on the shell. Xiaolu, Akai and Momo always look like ordinary people: no metal, wires or machinery, normal shadows and reflections. Keep the first frame's composition, camera position, framing, subject size, facing, lighting and grade; one main action only; real-time speed, no slow motion, no transitions, no subtitles, no background music.",不改脸部身份；不加人类皮肤；不把配角机械化；不改构图和人物大小；不加无关道具；不生成牙齿和舌头；不做动画或渲染风格；新增中文字后期合成。,ALPHA_S29_01_v001.mp4,v001
S29_02,S29,K27,回忆,TRANS,candidate_pending,187.60,190.98,287.60,290.98,3.38,provisional_lrc,待确认,谁的一生注定不蹉跎（后半）,B1+B3；G-B,02_latest_frames/031_K27_S29_雨夜天台仰头弹唱_最新候选.png,黑长羽绒服＋灰围巾,无,G-B 蜂蜜原木色木吉他（深棕背板、磨损、琴边金属修补、拾音改装和黑色线）,原图,她仰头唱出这句的结尾，雨水顺着金属脸流下,雨,原图,宣泄,不戴假发,是,是,ALPHA_S29_01（后半）,,母带,母带区间见 audio/audio_segments.csv；生成用整句，剪辑只取本镜区间,用现有候选。,,@图片1 作为首帧。@音频1 为本镜演唱音频（ALPHA_S29_01_MIX_v001.wav），嘴型与之同步；若平台不支持音频参考，生成后再用口型工具对齐。0–3.4 秒：她仰头唱，嘴型跟 @音频1 的后半句，雨水顺着脸往下流。 镜头：原图。ALPHA 是同一位成年女性机器人：银色分片机械脸、蓝紫色虹膜、青色嘴唇、耳侧圆形涡轮，脖子、手指和关节都是完整机械结构，没有任何人类皮肤。 过渡（推荐用于演播室）：B1 本体＋黑色长羽绒服＋灰围巾，不戴假发，外壳保留旧划痕。保持首帧的构图、机位、景别、人物大小、朝向、光线和色调；只做一个主动作；真实时间流速，不要慢动作、不要转场、不要字幕、不要背景音乐。,"@image1 as the first frame. @audio1 is this shot's vocal (ALPHA_S29_01_MIX_v001.wav); sync the lips to it. If audio reference is unsupported, lip-sync afterwards.0–3.4s: head back, she sings the second half of @audio1, rain streaming down her face. Camera: framing as in the first frame, locked-off. ALPHA is the same adult female humanoid robot throughout: a segmented brushed-silver robotic face, blue-violet irises, teal lips, round silver turbine ear units, a fully mechanical neck, fingers and joints, no human skin anywhere. Transitional (recommended for the studio): B1 body, long black puffer coat and grey scarf, no wig, old scratches kept on the shell. Keep the first frame's composition, camera position, framing, subject size, facing, lighting and grade; one main action only; real-time speed, no slow motion, no transitions, no subtitles, no background music.",不改脸部身份；不加人类皮肤；不把配角机械化；不改构图和人物大小；不加无关道具；不生成牙齿和舌头；不做动画或渲染风格；新增中文字后期合成。,ALPHA_S29_02_v001.mp4,v001
S32,城市空镜,K14（保留原图）,回忆,NONE,原图保留,190.98,194.50,290.98,294.50,3.52,provisional_lrc,待确认,亲爱的朋友不必难过（前半）,—,02_latest_frames/032_K14_城市空镜_夜色住宅区空镜_保留原图.png,—,无,无,原图，固定,一扇扇窗户陆续亮起,窗灯,原图,被听见,原图,否,否,,,母带,,原图保留。尾帧可在原图上局部编辑：更多窗户亮起。,"(optional end frame, edit of K14) many more windows lit warm yellow, a few with blue phone light, everything else unchanged, 35mm anamorphic film still, Kodak Vision3 500T, low-key motivated lighting, deep shadows, muted color, grounded realism, 2020s northeast China --ar 239:100 --v 8.1 --style raw --s 150 --no cartoon, anime, 3d render, plastic toy, human skin on the robot",@图片1 作为首帧。0–3.5 秒：窗户一扇接一扇亮起暖黄的灯。 镜头：原图，固定。保持首帧的构图、机位、景别、人物大小、朝向、光线和色调；只做一个主动作；真实时间流速，不要慢动作、不要转场、不要字幕、不要背景音乐。,"@image1 as the first frame. 0–3.5s: windows light up warm yellow one after another. Camera: framing as in the first frame, locked-off.  Keep the first frame's composition, camera position, framing, subject size, facing, lighting and grade; one main action only; real-time speed, no slow motion, no transitions, no subtitles, no background music.",不改脸部身份；不加人类皮肤；不把配角机械化；不改构图和人物大小；不加无关道具；不生成牙齿和舌头；不做动画或渲染风格；新增中文字后期合成。,ALPHA_S32_v001.mp4,v001
IV5,IV5,IV-A（共用）,现在访谈,TRANS,proposal_pending,194.50,197.70,294.50,297.70,3.20,provisional_lrc,待确认,亲爱的朋友不必难过（后半）,B1+B3,,黑长羽绒服＋灰围巾,无,无,近景，85mm，固定,访谈插入：她平视前方,,落地灯,平静而坚定,,是（闭合）,否（字幕）,,字幕 IV5：问：后来为什么不戴了？／答：戴着它，唱歌的就不是我了。,母带,,共用 IV-A。,,@图片1 作为首帧。0–3 秒：她慢慢抬起眼睛，平视前方，嘴保持闭合。 镜头：近景，85mm，固定。ALPHA 是同一位成年女性机器人：银色分片机械脸、蓝紫色虹膜、青色嘴唇、耳侧圆形涡轮，脖子、手指和关节都是完整机械结构，没有任何人类皮肤。 过渡（推荐用于演播室）：B1 本体＋黑色长羽绒服＋灰围巾，不戴假发，外壳保留旧划痕。保持首帧的构图、机位、景别、人物大小、朝向、光线和色调；只做一个主动作；真实时间流速，不要慢动作、不要转场、不要字幕、不要背景音乐。,"@image1 as the first frame. 0–3s: she slowly raises her eyes to look straight ahead, mouth closed. Camera: close shot, 85mm, locked-off. ALPHA is the same adult female humanoid robot throughout: a segmented brushed-silver robotic face, blue-violet irises, teal lips, round silver turbine ear units, a fully mechanical neck, fingers and joints, no human skin anywhere. Transitional (recommended for the studio): B1 body, long black puffer coat and grey scarf, no wig, old scratches kept on the shell. Keep the first frame's composition, camera position, framing, subject size, facing, lighting and grade; one main action only; real-time speed, no slow motion, no transitions, no subtitles, no background music.",不改脸部身份；不加人类皮肤；不把配角机械化；不改构图和人物大小；不加无关道具；不生成牙齿和舌头；不做动画或渲染风格；新增中文字后期合成。,ALPHA_IV5_v001.mp4,v001
PF2,PF2,K11（old / new）,现在访谈,TRANS,candidate_pending,197.70,200.00,297.70,300.00,2.30,provisional_lrc,待确认,终有某天还会再见的（前半）,B1+B3；G-B,02_latest_frames/033_K11_PF2_手部与吉他特写_OLD_前期过渡候选.png（推荐）,黑长羽绒服＋灰围巾,无,G-B 蜂蜜原木色木吉他（深棕背板、磨损、琴边金属修补、拾音改装和黑色线）,特写，原图,按弦换和弦，扫弦越来越用力,琴弦振动,原图,—,按弦手与拨弦手不互换、指板方向、弦数,否,否,,,母带,,用现有候选。,,@图片1 作为首帧。0–2.3 秒：手指换和弦，扫弦越来越用力，琴弦在光里颤动；机械指节稳定。 镜头：特写，原图。ALPHA 是同一位成年女性机器人：银色分片机械脸、蓝紫色虹膜、青色嘴唇、耳侧圆形涡轮，脖子、手指和关节都是完整机械结构，没有任何人类皮肤。 过渡（推荐用于演播室）：B1 本体＋黑色长羽绒服＋灰围巾，不戴假发，外壳保留旧划痕。保持首帧的构图、机位、景别、人物大小、朝向、光线和色调；只做一个主动作；真实时间流速，不要慢动作、不要转场、不要字幕、不要背景音乐。,"@image1 as the first frame. 0–2.3s: fingers change chords, strumming harder, strings shimmering in the light; mechanical knuckles stay stable. Camera: close-up, framing as in the first frame, locked-off. ALPHA is the same adult female humanoid robot throughout: a segmented brushed-silver robotic face, blue-violet irises, teal lips, round silver turbine ear units, a fully mechanical neck, fingers and joints, no human skin anywhere. Transitional (recommended for the studio): B1 body, long black puffer coat and grey scarf, no wig, old scratches kept on the shell. Keep the first frame's composition, camera position, framing, subject size, facing, lighting and grade; one main action only; real-time speed, no slow motion, no transitions, no subtitles, no background music.",不改脸部身份；不加人类皮肤；不把配角机械化；不改构图和人物大小；不加无关道具；不生成牙齿和舌头；不做动画或渲染风格；新增中文字后期合成。,ALPHA_PF2_v001.mp4,v001
PF4,PF4,K13（old / new）,现在访谈,TRANS,candidate_pending,200.00,204.48,300.00,304.48,4.48,provisional_lrc,待确认,终有某天还会再见的（后半）,B1+B3；G-B,02_latest_frames/035_K13_PF4_低角度仰拍弹唱_OLD_前期过渡候选.png（推荐）,黑长羽绒服＋灰围巾,无,G-B 蜂蜜原木色木吉他（深棕背板、磨损、琴边金属修补、拾音改装和黑色线）,低角度仰拍，原图，慢慢上摇,她仰头唱出最高音，背后梯子上的老杨剪影,光晕,原图,全场静止,背后梯子与人影,是,是,ALPHA_PF4_01（取后半）,,母带,母带区间见 audio/audio_segments.csv；生成用整句，剪辑只取本镜区间,用现有候选。,,@图片1 作为首帧。@音频1 为本镜演唱音频（ALPHA_PF4_01_MIX_v001.wav），嘴型与之同步；若平台不支持音频参考，生成后再用口型工具对齐。0–3.4 秒：她仰头唱，嘴型跟 @音频1 的后半段；3.4–4.5 秒：歌声结束，她保持仰头。 镜头：低角度仰拍，原图，慢慢上摇。ALPHA 是同一位成年女性机器人：银色分片机械脸、蓝紫色虹膜、青色嘴唇、耳侧圆形涡轮，脖子、手指和关节都是完整机械结构，没有任何人类皮肤。 过渡（推荐用于演播室）：B1 本体＋黑色长羽绒服＋灰围巾，不戴假发，外壳保留旧划痕。保持首帧的构图、机位、景别、人物大小、朝向、光线和色调；只做一个主动作；真实时间流速，不要慢动作、不要转场、不要字幕、不要背景音乐。,"@image1 as the first frame. @audio1 is this shot's vocal (ALPHA_PF4_01_MIX_v001.wav); sync the lips to it. If audio reference is unsupported, lip-sync afterwards.0–3.4s: head raised, she sings the second half of @audio1; 3.4–4.5s: the line ends and she holds the pose. Camera: low angle, framing as in the first frame, slow tilt up. ALPHA is the same adult female humanoid robot throughout: a segmented brushed-silver robotic face, blue-violet irises, teal lips, round silver turbine ear units, a fully mechanical neck, fingers and joints, no human skin anywhere. Transitional (recommended for the studio): B1 body, long black puffer coat and grey scarf, no wig, old scratches kept on the shell. Keep the first frame's composition, camera position, framing, subject size, facing, lighting and grade; one main action only; real-time speed, no slow motion, no transitions, no subtitles, no background music.",不改脸部身份；不加人类皮肤；不把配角机械化；不改构图和人物大小；不加无关道具；不生成牙齿和舌头；不做动画或渲染风格；新增中文字后期合成。,ALPHA_PF4_v001.mp4,v001
S30,S30,K18（old / new）,现在访谈,TRANS,candidate_pending,204.48,209.00,304.48,309.00,4.52,provisional_lrc,待确认,流着泪唱完了这首歌,B1+B3；G-B,02_latest_frames/039_K18_S30_演播室弹唱近景_OLD_前期过渡候选.png（推荐）,黑长羽绒服＋灰围巾,无,G-B 蜂蜜原木色木吉他（深棕背板、磨损、琴边金属修补、拾音改装和黑色线）,近景，原图，固定,她唱最后几句，头慢慢低下，手越弹越慢,,原图,收,前景虚焦肩膀,是,是,ALPHA_S30_01,,母带,母带区间见 audio/audio_segments.csv；生成用整句，剪辑只取本镜区间,用现有候选。,,@图片1 作为首帧。@音频1 为本镜演唱音频（ALPHA_S30_01_MIX_v001.wav），嘴型与之同步；若平台不支持音频参考，生成后再用口型工具对齐。0–4.5 秒：她唱，嘴型跟 @音频1，声音越来越轻，头慢慢低下去。 镜头：近景，原图，固定。ALPHA 是同一位成年女性机器人：银色分片机械脸、蓝紫色虹膜、青色嘴唇、耳侧圆形涡轮，脖子、手指和关节都是完整机械结构，没有任何人类皮肤。 过渡（推荐用于演播室）：B1 本体＋黑色长羽绒服＋灰围巾，不戴假发，外壳保留旧划痕。保持首帧的构图、机位、景别、人物大小、朝向、光线和色调；只做一个主动作；真实时间流速，不要慢动作、不要转场、不要字幕、不要背景音乐。,"@image1 as the first frame. @audio1 is this shot's vocal (ALPHA_S30_01_MIX_v001.wav); sync the lips to it. If audio reference is unsupported, lip-sync afterwards.0–4.5s: she sings, lips following @audio1, voice softening, head slowly lowering. Camera: close shot, framing as in the first frame, locked-off. ALPHA is the same adult female humanoid robot throughout: a segmented brushed-silver robotic face, blue-violet irises, teal lips, round silver turbine ear units, a fully mechanical neck, fingers and joints, no human skin anywhere. Transitional (recommended for the studio): B1 body, long black puffer coat and grey scarf, no wig, old scratches kept on the shell. Keep the first frame's composition, camera position, framing, subject size, facing, lighting and grade; one main action only; real-time speed, no slow motion, no transitions, no subtitles, no background music.",不改脸部身份；不加人类皮肤；不把配角机械化；不改构图和人物大小；不加无关道具；不生成牙齿和舌头；不做动画或渲染风格；新增中文字后期合成。,ALPHA_S30_v001.mp4,v001
S31,S31,（新出图）,现在访谈,NONE,proposal_pending,209.00,211.08,309.00,311.08,2.08,provisional_lrc,待确认,流着泪唱完了这首歌（尾）,—,,—,无,无,中景，85mm,侧台暗处，阿凯站在最前，小鹿默默在后，阿凯慢慢摘下一只皮手套,,舞台暖光只碰到脸的边缘,动容,三人（真人外观，阿凯真实形态不出现）,否,否,,,母带,,新出图。演播室侧台的黑暗里，刺猬头黑皮夹克的阿凯站在最前，小鹿和默默在他身后，都看向舞台。,"in the darkness at the side of a studio set, a young Chinese man with spiky black hair and a worn black leather jacket standing in front, a 23-year-old girl with a low ponytail and denim jacket and a thin expressionless man with black-framed glasses behind him, all watching the stage, warm stage light only touching the edges of their faces, 85mm, 35mm anamorphic film still, Kodak Vision3 500T, low-key motivated lighting, deep shadows, muted color, grounded realism, 2020s northeast China --ar 239:100 --v 8.1 --style raw --s 150 --no cartoon, anime, 3d render, plastic toy, human skin on the robot",@图片1 作为首帧。0–2 秒：三人一动不动地看着；阿凯慢慢摘下一只露指皮手套。 镜头：中景，85mm。小鹿、阿凯、默默始终是普通人外观：不出现金属、线路或机械结构，影子和倒影正常。保持首帧的构图、机位、景别、人物大小、朝向、光线和色调；只做一个主动作；真实时间流速，不要慢动作、不要转场、不要字幕、不要背景音乐。,"@image1 as the first frame. 0–2s: the three watch without moving; Akai slowly pulls off one fingerless glove. Camera: medium shot, 85mm, locked-off. Xiaolu, Akai and Momo always look like ordinary people: no metal, wires or machinery, normal shadows and reflections. Keep the first frame's composition, camera position, framing, subject size, facing, lighting and grade; one main action only; real-time speed, no slow motion, no transitions, no subtitles, no background music.",不改脸部身份；不加人类皮肤；不把配角机械化；不改构图和人物大小；不加无关道具；不生成牙齿和舌头；不做动画或渲染风格；新增中文字后期合成。,ALPHA_S31_v001.mp4,v001
S33,S33,（新出图）,之后,NONE,proposal_pending,211.08,217.80,311.08,317.80,6.72,provisional_lrc,待确认,希望你会永远记得我,—,,—,无,无,中景，40mm，门框前景,女儿递过手机，老人茫然地摇头，却一直看着屏幕,窗外大雪,屋里一盏钨丝灯，窗外雪地冷蓝，手机光照脸,茫然；女儿别过脸擦眼睛,老周、女儿（真人）,否,否,,字幕（女儿）：爸，你还记得她吗？,母带,,新出图。东北县城老房子冬夜，窗外大雪；更老的老周坐在旧扶手椅里盖着毯子，三十多岁的女儿蹲在旁边递亮着的手机。,"winter night in an old house in a small northeast Chinese town, heavy snow outside the frosted window, a very old frail Chinese man with white hair and metal-framed reading glasses sitting in a worn armchair under a blanket, his daughter in her thirties crouching beside him holding out a glowing phone, he looks at the screen with confused eyes, one warm tungsten lamp inside, cold blue snow light from the window, framed through a doorway, 40mm, 35mm anamorphic film still, Kodak Vision3 500T, low-key motivated lighting, deep shadows, muted color, grounded realism, 2020s northeast China --ar 239:100 --v 8.1 --style raw --s 150 --no cartoon, anime, 3d render, plastic toy, human skin on the robot",@图片1 作为首帧。0–3 秒：女儿递过手机，轻声问了一句；3–5 秒：老人茫然地慢慢摇头；5–6.7 秒：他却一直看着屏幕，女儿别过脸擦了下眼睛。 镜头：中景，40mm，门框前景。保持首帧的构图、机位、景别、人物大小、朝向、光线和色调；只做一个主动作；真实时间流速，不要慢动作、不要转场、不要字幕、不要背景音乐。,"@image1 as the first frame. 0–3s: the daughter holds out the phone and asks softly; 3–5s: he slowly shakes his head, confused; 5–6.7s: yet he keeps watching the screen; she turns away and wipes her eyes. Camera: medium shot, framed through a doorway, 40mm, locked-off.  Keep the first frame's composition, camera position, framing, subject size, facing, lighting and grade; one main action only; real-time speed, no slow motion, no transitions, no subtitles, no background music.",不改脸部身份；不加人类皮肤；不把配角机械化；不改构图和人物大小；不加无关道具；不生成牙齿和舌头；不做动画或渲染风格；新增中文字后期合成。,ALPHA_S33_v001.mp4,v001
S34,S34,（新出图）,之后,NONE,proposal_pending,217.80,224.31,317.80,324.31,6.51,provisional_lrc,待确认,在某个冬夜无眠的时刻,—,,—,无,无,特写，100mm，固定,老人搭在扶手上的食指和中指跟着节拍轻敲,手机光,台灯暖光与雪光交汇,记忆之外的东西,老人的手（真人）,否,否,,,母带,,新出图。特写：满是皱纹和老年斑的手搭在旧木扶手上，两根手指微微抬起，手机微光照在手背上。,"close-up of an old wrinkled hand with age spots resting on a worn wooden armrest, two fingers lifted mid-tap, the faint glow of a phone screen on the skin, warm lamp light and cold blue snow light from a window mixing, 100mm, 35mm anamorphic film still, Kodak Vision3 500T, low-key motivated lighting, deep shadows, muted color, grounded realism, 2020s northeast China --ar 239:100 --v 8.1 --style raw --s 150 --no cartoon, anime, 3d render, plastic toy, human skin on the robot",@图片1 作为首帧。0–6.5 秒：他的食指和中指在扶手上跟着歌的拍子轻轻敲（按母带实际节拍对齐），身体一动不动。 镜头：特写，100mm，固定。保持首帧的构图、机位、景别、人物大小、朝向、光线和色调；只做一个主动作；真实时间流速，不要慢动作、不要转场、不要字幕、不要背景音乐。,"@image1 as the first frame. 0–6.5s: his index and middle fingers tap the armrest gently in time with the song (align to the master's actual beat); the rest of him is still. Camera: close-up, 100mm, locked-off.  Keep the first frame's composition, camera position, framing, subject size, facing, lighting and grade; one main action only; real-time speed, no slow motion, no transitions, no subtitles, no background music.",不改脸部身份；不加人类皮肤；不把配角机械化；不改构图和人物大小；不加无关道具；不生成牙齿和舌头；不做动画或渲染风格；新增中文字后期合成。,ALPHA_S34_v001.mp4,v001
S35,S35,（新出图）,之后,MATURE,proposal_pending,224.31,231.25,324.31,331.25,6.94,provisional_lrc,待确认,在某个春暖花开的时刻,MATURE,,成熟青黄银外壳,无,成熟黄色机械电吉他（银色齿轮轮毂）,全景，40mm 变形宽银幕，手持,她背着琴盒走下绿皮车，抬头看站台，风吹落花瓣,花瓣,雨后初晴，全片第一次暖色自然光,平静的到来,小鹿、阿凯、默默（真人外观）,否,否,,,母带,,新出图。春天东北县城小站，雨后初晴，站台边开满桃花；成熟形象的 ALPHA 背着琴盒走下绿皮车，身后跟着三位同伴。（成熟形象用于春天，待确认）,"spring after rain at a small northeast Chinese railway station, pink and white peach blossoms along the platform, an old green train stopped, an adult female humanoid robot with a glossy cyan, lemon-yellow and silver armoured shell, yellow head fins, a segmented brushed-silver robotic face, blue irises and teal lips stepping down from the train with a guitar case on her back, behind her a girl with a low ponytail and denim jacket, a young man with spiky black hair and a black leather jacket, and a thin man with black-framed glasses pushing a power case, soft diffused sunlight, the first warm saturated colors of the film, petals on the wet platform, 40mm anamorphic, 35mm anamorphic film still, Kodak Vision3 500T, low-key motivated lighting, deep shadows, muted color, grounded realism, 2020s northeast China --ar 239:100 --v 8.1 --style raw --s 150 --no cartoon, anime, 3d render, plastic toy, human skin on the robot",@图片1 作为首帧。0–7 秒：她走下车，站定，抬头看着站台，风吹落花瓣；身后的女孩轻轻碰了碰她的胳膊。 镜头：全景，40mm 变形宽银幕，手持。ALPHA 是同一位成年女性机器人：银色分片机械脸、蓝紫色虹膜、青色嘴唇、耳侧圆形涡轮，脖子、手指和关节都是完整机械结构，没有任何人类皮肤。 成熟（建议用于春天，待确认）：青黄银机械外壳、头部黄色翼片，同一张银色分片脸。 小鹿、阿凯、默默始终是普通人外观：不出现金属、线路或机械结构，影子和倒影正常。保持首帧的构图、机位、景别、人物大小、朝向、光线和色调；只做一个主动作；真实时间流速，不要慢动作、不要转场、不要字幕、不要背景音乐。,"@image1 as the first frame. 0–7s: she steps down, stops and looks up at the platform as petals fall; the girl behind her touches her arm. Camera: wide shot, 40mm, anamorphic, handheld, subtle breathing movement. ALPHA is the same adult female humanoid robot throughout: a segmented brushed-silver robotic face, blue-violet irises, teal lips, round silver turbine ear units, a fully mechanical neck, fingers and joints, no human skin anywhere. Mature (suggested for spring, pending): cyan, lemon-yellow and silver armoured shell with yellow head fins, the same segmented silver face. Xiaolu, Akai and Momo always look like ordinary people: no metal, wires or machinery, normal shadows and reflections. Keep the first frame's composition, camera position, framing, subject size, facing, lighting and grade; one main action only; real-time speed, no slow motion, no transitions, no subtitles, no background music.",不改脸部身份；不加人类皮肤；不把配角机械化；不改构图和人物大小；不加无关道具；不生成牙齿和舌头；不做动画或渲染风格；新增中文字后期合成。,ALPHA_S35_v001.mp4,v001
S36_01,S36,K17（old / new）,现在访谈,TRANS,candidate_pending,231.25,236.00,331.25,336.00,4.75,provisional_lrc,待确认,（尾奏）,B1+B3；G-B,02_latest_frames/041_K17_S36_演播室座椅背侧面_OLD_前期过渡候选.png（推荐）,黑长羽绒服＋灰围巾,无,G-B 蜂蜜原木色木吉他（深棕背板、磨损、琴边金属修补、拾音改装和黑色线）,原图，固定,寂静后，右后方梯子上的老杨第一个鼓掌,光晕、烟,原图,—,老杨在梯子上（真人）、ALPHA 背侧角度不转正面,否,否,,,母带尾奏＋第一声掌声,,用现有候选。,,@图片1 作为首帧。0–2 秒：一片寂静，她一动不动；2–4.7 秒：右后方梯子上的老杨抬起手，开始鼓掌。 镜头：原图，固定。ALPHA 是同一位成年女性机器人：银色分片机械脸、蓝紫色虹膜、青色嘴唇、耳侧圆形涡轮，脖子、手指和关节都是完整机械结构，没有任何人类皮肤。 过渡（推荐用于演播室）：B1 本体＋黑色长羽绒服＋灰围巾，不戴假发，外壳保留旧划痕。保持首帧的构图、机位、景别、人物大小、朝向、光线和色调；只做一个主动作；真实时间流速，不要慢动作、不要转场、不要字幕、不要背景音乐。,"@image1 as the first frame. 0–2s: silence, she is still; 2–4.7s: on the ladder behind right, Lao Yang raises his hands and starts clapping. Camera: framing as in the first frame, locked-off. ALPHA is the same adult female humanoid robot throughout: a segmented brushed-silver robotic face, blue-violet irises, teal lips, round silver turbine ear units, a fully mechanical neck, fingers and joints, no human skin anywhere. Transitional (recommended for the studio): B1 body, long black puffer coat and grey scarf, no wig, old scratches kept on the shell. Keep the first frame's composition, camera position, framing, subject size, facing, lighting and grade; one main action only; real-time speed, no slow motion, no transitions, no subtitles, no background music.",不改脸部身份；不加人类皮肤；不把配角机械化；不改构图和人物大小；不加无关道具；不生成牙齿和舌头；不做动画或渲染风格；新增中文字后期合成。,ALPHA_S36_01_v001.mp4,v001
S36_02,S36,R05（old / new）,现在访谈,TRANS,candidate_pending,236.00,240.46,336.00,340.46,4.46,provisional_lrc,待确认,（尾奏）,B1+B3；G-B,02_latest_frames/043_R05_S36_演播室背侧近景_OLD_前期过渡候选.png（推荐）,黑长羽绒服＋灰围巾,无,G-B 蜂蜜原木色木吉他（深棕背板、磨损、琴边金属修补、拾音改装和黑色线）,原图，固定,掌声陆续响起，不整齐,,原图,—,同上,否,否,,,母带尾奏＋掌声（掌声另录或取素材）,,用现有候选。,,@图片1 作为首帧。0–4.5 秒：老杨继续鼓掌，下面的人陆续跟着鼓掌；她的头极轻微地低了一下。 镜头：原图，固定。ALPHA 是同一位成年女性机器人：银色分片机械脸、蓝紫色虹膜、青色嘴唇、耳侧圆形涡轮，脖子、手指和关节都是完整机械结构，没有任何人类皮肤。 过渡（推荐用于演播室）：B1 本体＋黑色长羽绒服＋灰围巾，不戴假发，外壳保留旧划痕。保持首帧的构图、机位、景别、人物大小、朝向、光线和色调；只做一个主动作；真实时间流速，不要慢动作、不要转场、不要字幕、不要背景音乐。,"@image1 as the first frame. 0–4.5s: Lao Yang keeps clapping and others join in unevenly; her head dips very slightly. Camera: framing as in the first frame, locked-off. ALPHA is the same adult female humanoid robot throughout: a segmented brushed-silver robotic face, blue-violet irises, teal lips, round silver turbine ear units, a fully mechanical neck, fingers and joints, no human skin anywhere. Transitional (recommended for the studio): B1 body, long black puffer coat and grey scarf, no wig, old scratches kept on the shell. Keep the first frame's composition, camera position, framing, subject size, facing, lighting and grade; one main action only; real-time speed, no slow motion, no transitions, no subtitles, no background music.",不改脸部身份；不加人类皮肤；不把配角机械化；不改构图和人物大小；不加无关道具；不生成牙齿和舌头；不做动画或渲染风格；新增中文字后期合成。,ALPHA_S36_02_v001.mp4,v001
S37,S37,（新出图）,现在访谈,TRANS,proposal_pending,,,340.46,354.46,14.00,provisional_from_script,待确认,,B1+B3；G-B,,黑长羽绒服＋灰围巾,无,G-B 蜂蜜原木色木吉他（深棕背板、磨损、琴边金属修补、拾音改装和黑色线）,双人中景，侧面，40mm 变形宽银幕，固定,林姐问出第一题；她回答；林姐把手卡扣下，划掉嘉宾牌上的“（设备）”,,两人各在一束光下，中间暗,安静的转变,林姐（真人）、嘉宾牌,是,对白（待录音）,DLG_S37,林姐：你的悲伤……是真的吗？／ALPHA：我不知道它算不算真的。他走的那天，我在站台站了七个小时。,空棚底噪,对白音频尚未录制,新出图。纪录片访谈双人中景：左边抱木吉他的 ALPHA，右边林姐拿笔对着两人中间小桌上的白色嘉宾牌（字后期合成）。,"documentary interview two-shot in a pitch black studio, an adult female humanoid robot with a pearl-white and silver segmented metal body with teal accents, a segmented brushed-silver robotic face, blue-violet irises, teal lips and round silver turbine ear units, wearing a long black puffer down coat, a grey knitted scarf, black trousers and black boots, old scratches on her metal face with the G-B honey-colored acoustic guitar with a dark brown back, worn finish, a metal repair on the edge and a pickup jack with a black cable on the left, a Chinese female interviewer in her early forties with short bob hair and a black suit on the right holding a pen over a white name card on the small table between them, a single floor lamp between them, quiet resolution, 40mm anamorphic, 35mm anamorphic film still, Kodak Vision3 500T, low-key motivated lighting, deep shadows, muted color, grounded realism, 2020s northeast China --ar 239:100 --v 8.1 --style raw --s 150 --no cartoon, anime, 3d render, plastic toy, human skin on the robot",@图片1 作为首帧。0–3 秒：林姐抬头提问；3–9 秒：ALPHA 停了很久，慢慢回答；9–11 秒：林姐把手卡扣在桌上；11–14 秒：她拿起笔，划掉嘉宾牌上的一个词。（超出模型时长可在 9 秒处拆成两段） 镜头：双人中景，侧面，40mm 变形宽银幕，固定。ALPHA 是同一位成年女性机器人：银色分片机械脸、蓝紫色虹膜、青色嘴唇、耳侧圆形涡轮，脖子、手指和关节都是完整机械结构，没有任何人类皮肤。 过渡（推荐用于演播室）：B1 本体＋黑色长羽绒服＋灰围巾，不戴假发，外壳保留旧划痕。保持首帧的构图、机位、景别、人物大小、朝向、光线和色调；只做一个主动作；真实时间流速，不要慢动作、不要转场、不要字幕、不要背景音乐。,"@image1 as the first frame. 0–3s: the interviewer asks; 3–9s: ALPHA pauses a long time and answers slowly; 9–11s: the cue card is laid face down; 11–14s: she picks up the pen and crosses out a word on the name card. (Split at 9s if over the model limit.) Camera: medium shot, side view, 40mm, anamorphic, locked-off. ALPHA is the same adult female humanoid robot throughout: a segmented brushed-silver robotic face, blue-violet irises, teal lips, round silver turbine ear units, a fully mechanical neck, fingers and joints, no human skin anywhere. Transitional (recommended for the studio): B1 body, long black puffer coat and grey scarf, no wig, old scratches kept on the shell. Keep the first frame's composition, camera position, framing, subject size, facing, lighting and grade; one main action only; real-time speed, no slow motion, no transitions, no subtitles, no background music.",不改脸部身份；不加人类皮肤；不把配角机械化；不改构图和人物大小；不加无关道具；不生成牙齿和舌头；不做动画或渲染风格；新增中文字后期合成。,ALPHA_S37_v001.mp4,v001
S38,S38,K28,之后,MATURE,candidate_pending,,,354.46,366.46,12.00,provisional_from_script,待确认,,MATURE,02_latest_frames/045_K28_S38_春天与老周并坐长椅_最新候选.png,成熟青黄银外壳,无,无,大全景，原图，固定,老人像对陌生人一样问她的名字，想了想，笑了；远处火车开过,花瓣,原图,温柔,老周（真人）、背向构图,否（背向）,否,DLG_S38,老周：你唱得真好。你叫什么名字？／ALPHA：ALPHA。／老周：阿尔法……好名字。像是第一个。,风、鸟、远处火车,对白音频尚未录制,用现有候选（成熟形象，待确认）。,,@图片1 作为首帧。0–4 秒：老人转头对她说话；4–7 秒：她转头回答；7–10 秒：老人慢慢笑了；10–12 秒：远处一列火车开过，花瓣飘落。 镜头：大全景，原图，固定。ALPHA 是同一位成年女性机器人：银色分片机械脸、蓝紫色虹膜、青色嘴唇、耳侧圆形涡轮，脖子、手指和关节都是完整机械结构，没有任何人类皮肤。 成熟（建议用于春天，待确认）：青黄银机械外壳、头部黄色翼片，同一张银色分片脸。保持首帧的构图、机位、景别、人物大小、朝向、光线和色调；只做一个主动作；真实时间流速，不要慢动作、不要转场、不要字幕、不要背景音乐。,"@image1 as the first frame. 0–4s: the old man turns to speak to her; 4–7s: she turns to answer; 7–10s: he slowly smiles; 10–12s: a train passes far away as petals fall. Camera: extreme wide shot, framing as in the first frame, locked-off. ALPHA is the same adult female humanoid robot throughout: a segmented brushed-silver robotic face, blue-violet irises, teal lips, round silver turbine ear units, a fully mechanical neck, fingers and joints, no human skin anywhere. Mature (suggested for spring, pending): cyan, lemon-yellow and silver armoured shell with yellow head fins, the same segmented silver face. Keep the first frame's composition, camera position, framing, subject size, facing, lighting and grade; one main action only; real-time speed, no slow motion, no transitions, no subtitles, no background music.",不改脸部身份；不加人类皮肤；不把配角机械化；不改构图和人物大小；不加无关道具；不生成牙齿和舌头；不做动画或渲染风格；新增中文字后期合成。,ALPHA_S38_v001.mp4,v001
END,—,—,—,NONE,,,,366.46,368.46,2.00,provisional_from_script,待确认,,—,,—,无,无,黑场字幕,片名：远去的列车,,,,,否,否,,,静,,后期制作。,,,,不改脸部身份；不加人类皮肤；不把配角机械化；不改构图和人物大小；不加无关道具；不生成牙齿和舌头；不做动画或渲染风格；新增中文字后期合成。,,v001
